image_name,image_path,split,Fire,Smoke,Fire_Size,Fire_Hotspots
train_0001.jpg,D:\Abiyelunwen\new_fire_vlm\data\train\train_0001.jpg,train,no,no,no_fire,no_fire
train_0002.jpg,D:\Abiyelunwen\new_fire_vlm\data\train\train_0002.jpg,train,no,no,no_fire,no_fire
train_0003.jpg,D:\Abiyelunwen\new_fire_vlm\data\train\train_0003.jpg,train,no,no,no_fire,no_fire
train_0004.jpg,D:\Abiyelunwen\new_fire_vlm\data\train\train_0004.jpg,train,no,no,no_fire,no_fire
train_0005.jpg,D:\Abiyelunwen\new_fire_vlm\data\train\train_0005.jpg,train,no,no,no_fire,no_fire
train_0006.jpg,D:\Abiyelunwen\new_fire_vlm\data\train\train_0006.jpg,train,no,no,no_fire,no_fire
train_0007.jpg,D:\Abiyelunwen\new_fire_vlm\data\train\train_0007.jpg,train,no,no,no_fire,no_fire
train_0008.jpg,D:\Abiyelunwen\new_fire_vlm\data\train\train_0008.jpg,train,no,no,no_fire,no_fire
train_0009.jpg,D:\Abiyelunwen\new_fire_vlm\data\train\train_0009.jpg,train,no,no,no_fire,no_fire
train_0010.jpg,D:\Abiyelunwen\new_fire_vlm\data\train\train_0010.jpg,train,no,no,no_fire,no_fire
train_0011.jpg,D:\Abiyelunwen\new_fire_vlm\data\train\train_0011.jpg,train,no,no,no_fire,no_fire
train_0012.jpg,D:\Abiyelunwen\new_fire_vlm\data\train\train_0012.jpg,train,no,no,no_fire,no_fire
train_0013.jpg,D:\Abiyelunwen\new_fire_vlm\data\train\train_0013.jpg,train,no,no,no_fire,no_fire
train_0014.jpg,D:\Abiyelunwen\new_fire_vlm\data\train\train_0014.jpg,train,no,no,no_fire,no_fire
train_0015.jpg,D:\Abiyelunwen\new_fire_vlm\data\train\train_0015.jpg,train,no,no,no_fire,no_fire
train_0016.jpg,D:\Abiyelunwen\new_fire_vlm\data\train\train_0016.jpg,train,no,no,no_fire,no_fire
train_0017.jpg,D:\Abiyelunwen\new_fire_vlm\data\train\train_0017.jpg,train,no,no,no_fire,no_fire
train_0018.jpg,D:\Abiyelunwen\new_fire_vlm\data\train\train_0018.jpg,train,no,no,no_fire,no_fire
train_0019.jpg,D:\Abiyelunwen\new_fire_vlm\data\train\train_0019.jpg,train,no,no,no_fire,no_fire
train_0020.jpg,D:\Abiyelunwen\new_fire_vlm\data\train\train_0020.jpg,train,no,no,no_fire,no_fire
train_0021.jpg,D:\Abiyelunwen\new_fire_vlm\data\train\train_0021.jpg,train,no,no,no_fire,no_fire
train_0022.jpg,D:\Abiyelunwen\new_fire_vlm\data\train\train_0022.jpg,train,no,no,no_fire,no_fire
train_0023.jpg,D:\Abiyelunwen\new_fire_vlm\data\train\train_0023.jpg,train,no,no,no_fire,no_fire
train_0024.jpg,D:\Abiyelunwen\new_fire_vlm\data\train\train_0024.jpg,train,no,no,no_fire,no_fire
train_0025.jpg,D:\Abiyelunwen\new_fire_vlm\data\train\train_0025.jpg,train,no,no,no_fire,no_fire
train_0026.jpg,D:\Abiyelunwen\new_fire_vlm\data\train\train_0026.jpg,train,no,no,no_fire,no_fire
train_0027.jpg,D:\Abiyelunwen\new_fire_vlm\data\train\train_0027.jpg,train,no,no,no_fire,no_fire
train_0028.jpg,D:\Abiyelunwen\new_fire_vlm\data\train\train_0028.jpg,train,no,no,no_fire,no_fire
train_0029.jpg,D:\Abiyelunwen\new_fire_vlm\data\train\train_0029.jpg,train,no,no,no_fire,no_fire
train_0030.jpg,D:\Abiyelunwen\new_fire_vlm\data\train\train_0030.jpg,train,no,no,no_fire,no_fire
train_0031.jpg,D:\Abiyelunwen\new_fire_vlm\data\train\train_0031.jpg,train,no,no,no_fire,no_fire
train_0032.jpg,D:\Abiyelunwen\new_fire_vlm\data\train\train_0032.jpg,train,no,no,no_fire,no_fire
train_0033.jpg,D:\Abiyelunwen\new_fire_vlm\data\train\train_0033.jpg,train,no,no,no_fire,no_fire
train_0034.jpg,D:\Abiyelunwen\new_fire_vlm\data\train\train_0034.jpg,train,no,no,no_fire,no_fire
train_0035.jpg,D:\Abiyelunwen\new_fire_vlm\data\train\train_0035.jpg,train,no,no,no_fire,no_fire
train_0036.jpg,D:\Abiyelunwen\new_fire_vlm\data\train\train_0036.jpg,train,no,no,no_fire,no_fire
train_0037.jpg,D:\Abiyelunwen\new_fire_vlm\data\train\train_0037.jpg,train,no,no,no_fire,no_fire
train_0038.jpg,D:\Abiyelunwen\new_fire_vlm\data\train\train_0038.jpg,train,no,no,no_fire,no_fire
train_0039.jpg,D:\Abiyelunwen\new_fire_vlm\data\train\train_0039.jpg,train,no,no,no_fire,no_fire
train_0040.jpg,D:\Abiyelunwen\new_fire_vlm\data\train\train_0040.jpg,train,no,no,no_fire,no_fire
train_0041.jpg,D:\Abiyelunwen\new_fire_vlm\data\train\train_0041.jpg,train,no,no,no_fire,no_fire
train_0042.jpg,D:\Abiyelunwen\new_fire_vlm\data\train\train_0042.jpg,train,no,no,no_fire,no_fire
train_0043.jpg,D:\Abiyelunwen\new_fire_vlm\data\train\train_0043.jpg,train,no,no,no_fire,no_fire
train_0044.jpg,D:\Abiyelunwen\new_fire_vlm\data\train\train_0044.jpg,train,no,no,no_fire,no_fire
train_0045.jpg,D:\Abiyelunwen\new_fire_vlm\data\train\train_0045.jpg,train,no,no,no_fire,no_fire
train_0046.jpg,D:\Abiyelunwen\new_fire_vlm\data\train\train_0046.jpg,train,no,no,no_fire,no_fire
train_0047.jpg,D:\Abiyelunwen\new_fire_vlm\data\train\train_0047.jpg,train,no,no,no_fire,no_fire
train_0048.jpg,D:\Abiyelunwen\new_fire_vlm\data\train\train_0048.jpg,train,no,no,no_fire,no_fire
train_0049.jpg,D:\Abiyelunwen\new_fire_vlm\data\train\train_0049.jpg,train,no,no,no_fire,no_fire
train_0050.jpg,D:\Abiyelunwen\new_fire_vlm\data\train\train_0050.jpg,train,no,no,no_fire,no_fire
train_0051.jpg,D:\Abiyelunwen\new_fire_vlm\data\train\train_0051.jpg,train,no,no,no_fire,no_fire
train_0052.jpg,D:\Abiyelunwen\new_fire_vlm\data\train\train_0052.jpg,train,no,no,no_fire,no_fire
train_0053.jpg,D:\Abiyelunwen\new_fire_vlm\data\train\train_0053.jpg,train,no,no,no_fire,no_fire
train_0054.jpg,D:\Abiyelunwen\new_fire_vlm\data\train\train_0054.jpg,train,no,no,no_fire,no_fire
train_0055.jpg,D:\Abiyelunwen\new_fire_vlm\data\train\train_0055.jpg,train,no,no,no_fire,no_fire
train_0056.jpg,D:\Abiyelunwen\new_fire_vlm\data\train\train_0056.jpg,train,no,no,no_fire,no_fire
train_0057.jpg,D:\Abiyelunwen\new_fire_vlm\data\train\train_0057.jpg,train,no,no,no_fire,no_fire
train_0058.jpg,D:\Abiyelunwen\new_fire_vlm\data\train\train_0058.jpg,train,no,no,no_fire,no_fire
train_0059.jpg,D:\Abiyelunwen\new_fire_vlm\data\train\train_0059.jpg,train,no,no,no_fire,no_fire
train_0060.jpg,D:\Abiyelunwen\new_fire_vlm\data\train\train_0060.jpg,train,no,no,no_fire,no_fire
train_0061.jpg,D:\Abiyelunwen\new_fire_vlm\data\train\train_0061.jpg,train,no,no,no_fire,no_fire
train_0062.jpg,D:\Abiyelunwen\new_fire_vlm\data\train\train_0062.jpg,train,no,no,no_fire,no_fire
train_0063.jpg,D:\Abiyelunwen\new_fire_vlm\data\train\train_0063.jpg,train,no,no,no_fire,no_fire
train_0064.jpg,D:\Abiyelunwen\new_fire_vlm\data\train\train_0064.jpg,train,no,no,no_fire,no_fire
train_0065.jpg,D:\Abiyelunwen\new_fire_vlm\data\train\train_0065.jpg,train,no,no,no_fire,no_fire
train_0066.jpg,D:\Abiyelunwen\new_fire_vlm\data\train\train_0066.jpg,train,no,no,no_fire,no_fire
train_0067.jpg,D:\Abiyelunwen\new_fire_vlm\data\train\train_0067.jpg,train,no,no,no_fire,no_fire
train_0068.jpg,D:\Abiyelunwen\new_fire_vlm\data\train\train_0068.jpg,train,no,no,no_fire,no_fire
train_0069.jpg,D:\Abiyelunwen\new_fire_vlm\data\train\train_0069.jpg,train,no,no,no_fire,no_fire
train_0070.jpg,D:\Abiyelunwen\new_fire_vlm\data\train\train_0070.jpg,train,no,no,no_fire,no_fire
train_0071.jpg,D:\Abiyelunwen\new_fire_vlm\data\train\train_0071.jpg,train,no,no,no_fire,no_fire
train_0072.jpg,D:\Abiyelunwen\new_fire_vlm\data\train\train_0072.jpg,train,no,no,no_fire,no_fire
train_0073.jpg,D:\Abiyelunwen\new_fire_vlm\data\train\train_0073.jpg,train,no,no,no_fire,no_fire
train_0074.jpg,D:\Abiyelunwen\new_fire_vlm\data\train\train_0074.jpg,train,no,no,no_fire,no_fire
train_0075.jpg,D:\Abiyelunwen\new_fire_vlm\data\train\train_0075.jpg,train,no,no,no_fire,no_fire
train_0076.jpg,D:\Abiyelunwen\new_fire_vlm\data\train\train_0076.jpg,train,no,no,no_fire,no_fire
train_0077.jpg,D:\Abiyelunwen\new_fire_vlm\data\train\train_0077.jpg,train,no,no,no_fire,no_fire
train_0078.png,D:\Abiyelunwen\new_fire_vlm\data\train\train_0078.png,train,no,no,no_fire,no_fire
train_0079.png,D:\Abiyelunwen\new_fire_vlm\data\train\train_0079.png,train,no,no,no_fire,no_fire
train_0080.png,D:\Abiyelunwen\new_fire_vlm\data\train\train_0080.png,train,no,no,no_fire,no_fire
train_0081.png,D:\Abiyelunwen\new_fire_vlm\data\train\train_0081.png,train,no,no,no_fire,no_fire
train_0082.png,D:\Abiyelunwen\new_fire_vlm\data\train\train_0082.png,train,no,no,no_fire,no_fire
train_0083.png,D:\Abiyelunwen\new_fire_vlm\data\train\train_0083.png,train,no,no,no_fire,no_fire
train_0084.png,D:\Abiyelunwen\new_fire_vlm\data\train\train_0084.png,train,no,no,no_fire,no_fire
train_0085.png,D:\Abiyelunwen\new_fire_vlm\data\train\train_0085.png,train,no,no,no_fire,no_fire
train_0086.png,D:\Abiyelunwen\new_fire_vlm\data\train\train_0086.png,train,no,no,no_fire,no_fire
train_0087.png,D:\Abiyelunwen\new_fire_vlm\data\train\train_0087.png,train,no,no,no_fire,no_fire
train_0088.png,D:\Abiyelunwen\new_fire_vlm\data\train\train_0088.png,train,no,no,no_fire,no_fire
train_0089.png,D:\Abiyelunwen\new_fire_vlm\data\train\train_0089.png,train,no,no,no_fire,no_fire
train_0090.png,D:\Abiyelunwen\new_fire_vlm\data\train\train_0090.png,train,no,no,no_fire,no_fire
train_0091.png,D:\Abiyelunwen\new_fire_vlm\data\train\train_0091.png,train,no,no,no_fire,no_fire
train_0092.png,D:\Abiyelunwen\new_fire_vlm\data\train\train_0092.png,train,no,no,no_fire,no_fire
train_0093.png,D:\Abiyelunwen\new_fire_vlm\data\train\train_0093.png,train,no,no,no_fire,no_fire
train_0094.png,D:\Abiyelunwen\new_fire_vlm\data\train\train_0094.png,train,no,no,no_fire,no_fire
train_0095.png,D:\Abiyelunwen\new_fire_vlm\data\train\train_0095.png,train,no,no,no_fire,no_fire
train_0096.png,D:\Abiyelunwen\new_fire_vlm\data\train\train_0096.png,train,no,no,no_fire,no_fire
train_0097.png,D:\Abiyelunwen\new_fire_vlm\data\train\train_0097.png,train,no,no,no_fire,no_fire
train_0098.png,D:\Abiyelunwen\new_fire_vlm\data\train\train_0098.png,train,no,no,no_fire,no_fire
train_0099.png,D:\Abiyelunwen\new_fire_vlm\data\train\train_0099.png,train,no,no,no_fire,no_fire
train_0100.png,D:\Abiyelunwen\new_fire_vlm\data\train\train_0100.png,train,no,no,no_fire,no_fire
train_0101.png,D:\Abiyelunwen\new_fire_vlm\data\train\train_0101.png,train,no,no,no_fire,no_fire
train_0102.png,D:\Abiyelunwen\new_fire_vlm\data\train\train_0102.png,train,no,no,no_fire,no_fire
train_0103.png,D:\Abiyelunwen\new_fire_vlm\data\train\train_0103.png,train,no,no,no_fire,no_fire
train_0104.png,D:\Abiyelunwen\new_fire_vlm\data\train\train_0104.png,train,no,no,no_fire,no_fire
train_0105.png,D:\Abiyelunwen\new_fire_vlm\data\train\train_0105.png,train,no,no,no_fire,no_fire
train_0106.png,D:\Abiyelunwen\new_fire_vlm\data\train\train_0106.png,train,no,no,no_fire,no_fire
train_0107.png,D:\Abiyelunwen\new_fire_vlm\data\train\train_0107.png,train,no,no,no_fire,no_fire
train_0108.png,D:\Abiyelunwen\new_fire_vlm\data\train\train_0108.png,train,no,no,no_fire,no_fire
train_0109.png,D:\Abiyelunwen\new_fire_vlm\data\train\train_0109.png,train,no,no,no_fire,no_fire
train_0110.png,D:\Abiyelunwen\new_fire_vlm\data\train\train_0110.png,train,no,no,no_fire,no_fire
train_0111.png,D:\Abiyelunwen\new_fire_vlm\data\train\train_0111.png,train,no,no,no_fire,no_fire
train_0112.png,D:\Abiyelunwen\new_fire_vlm\data\train\train_0112.png,train,no,no,no_fire,no_fire
train_0113.png,D:\Abiyelunwen\new_fire_vlm\data\train\train_0113.png,train,no,no,no_fire,no_fire
train_0114.png,D:\Abiyelunwen\new_fire_vlm\data\train\train_0114.png,train,no,no,no_fire,no_fire
train_0115.png,D:\Abiyelunwen\new_fire_vlm\data\train\train_0115.png,train,no,no,no_fire,no_fire
train_0116.png,D:\Abiyelunwen\new_fire_vlm\data\train\train_0116.png,train,no,no,no_fire,no_fire
train_0117.png,D:\Abiyelunwen\new_fire_vlm\data\train\train_0117.png,train,no,no,no_fire,no_fire
train_0118.png,D:\Abiyelunwen\new_fire_vlm\data\train\train_0118.png,train,no,no,no_fire,no_fire
train_0119.png,D:\Abiyelunwen\new_fire_vlm\data\train\train_0119.png,train,no,no,no_fire,no_fire
train_0120.png,D:\Abiyelunwen\new_fire_vlm\data\train\train_0120.png,train,no,no,no_fire,no_fire
train_0121.png,D:\Abiyelunwen\new_fire_vlm\data\train\train_0121.png,train,no,no,no_fire,no_fire
train_0122.png,D:\Abiyelunwen\new_fire_vlm\data\train\train_0122.png,train,no,no,no_fire,no_fire
train_0123.png,D:\Abiyelunwen\new_fire_vlm\data\train\train_0123.png,train,no,no,no_fire,no_fire
train_0124.png,D:\Abiyelunwen\new_fire_vlm\data\train\train_0124.png,train,no,no,no_fire,no_fire
train_0125.png,D:\Abiyelunwen\new_fire_vlm\data\train\train_0125.png,train,no,no,no_fire,no_fire
train_0126.png,D:\Abiyelunwen\new_fire_vlm\data\train\train_0126.png,train,no,no,no_fire,no_fire
train_0127.png,D:\Abiyelunwen\new_fire_vlm\data\train\train_0127.png,train,no,no,no_fire,no_fire
train_0128.png,D:\Abiyelunwen\new_fire_vlm\data\train\train_0128.png,train,no,no,no_fire,no_fire
train_0129.png,D:\Abiyelunwen\new_fire_vlm\data\train\train_0129.png,train,no,no,no_fire,no_fire
train_0130.png,D:\Abiyelunwen\new_fire_vlm\data\train\train_0130.png,train,no,no,no_fire,no_fire
train_0131.png,D:\Abiyelunwen\new_fire_vlm\data\train\train_0131.png,train,no,no,no_fire,no_fire
train_0132.png,D:\Abiyelunwen\new_fire_vlm\data\train\train_0132.png,train,no,no,no_fire,no_fire
train_0133.png,D:\Abiyelunwen\new_fire_vlm\data\train\train_0133.png,train,no,no,no_fire,no_fire
train_0134.png,D:\Abiyelunwen\new_fire_vlm\data\train\train_0134.png,train,no,no,no_fire,no_fire
train_0135.png,D:\Abiyelunwen\new_fire_vlm\data\train\train_0135.png,train,no,no,no_fire,no_fire
train_0136.png,D:\Abiyelunwen\new_fire_vlm\data\train\train_0136.png,train,no,no,no_fire,no_fire
train_0137.png,D:\Abiyelunwen\new_fire_vlm\data\train\train_0137.png,train,no,no,no_fire,no_fire
train_0138.png,D:\Abiyelunwen\new_fire_vlm\data\train\train_0138.png,train,no,no,no_fire,no_fire
train_0139.png,D:\Abiyelunwen\new_fire_vlm\data\train\train_0139.png,train,no,no,no_fire,no_fire
train_0140.png,D:\Abiyelunwen\new_fire_vlm\data\train\train_0140.png,train,no,no,no_fire,no_fire
train_0141.png,D:\Abiyelunwen\new_fire_vlm\data\train\train_0141.png,train,no,no,no_fire,no_fire
train_0142.png,D:\Abiyelunwen\new_fire_vlm\data\train\train_0142.png,train,no,no,no_fire,no_fire
train_0143.png,D:\Abiyelunwen\new_fire_vlm\data\train\train_0143.png,train,no,no,no_fire,no_fire
train_0144.png,D:\Abiyelunwen\new_fire_vlm\data\train\train_0144.png,train,no,no,no_fire,no_fire
train_0145.png,D:\Abiyelunwen\new_fire_vlm\data\train\train_0145.png,train,no,no,no_fire,no_fire
train_0146.png,D:\Abiyelunwen\new_fire_vlm\data\train\train_0146.png,train,no,no,no_fire,no_fire
train_0147.png,D:\Abiyelunwen\new_fire_vlm\data\train\train_0147.png,train,no,no,no_fire,no_fire
train_0148.png,D:\Abiyelunwen\new_fire_vlm\data\train\train_0148.png,train,no,no,no_fire,no_fire
train_0149.png,D:\Abiyelunwen\new_fire_vlm\data\train\train_0149.png,train,no,no,no_fire,no_fire
train_0150.png,D:\Abiyelunwen\new_fire_vlm\data\train\train_0150.png,train,no,no,no_fire,no_fire
train_0151.png,D:\Abiyelunwen\new_fire_vlm\data\train\train_0151.png,train,no,no,no_fire,no_fire
train_0152.png,D:\Abiyelunwen\new_fire_vlm\data\train\train_0152.png,train,no,no,no_fire,no_fire
train_0153.png,D:\Abiyelunwen\new_fire_vlm\data\train\train_0153.png,train,no,no,no_fire,no_fire
train_0154.png,D:\Abiyelunwen\new_fire_vlm\data\train\train_0154.png,train,no,no,no_fire,no_fire
train_0155.png,D:\Abiyelunwen\new_fire_vlm\data\train\train_0155.png,train,no,no,no_fire,no_fire
train_0156.png,D:\Abiyelunwen\new_fire_vlm\data\train\train_0156.png,train,no,no,no_fire,no_fire
train_0157.png,D:\Abiyelunwen\new_fire_vlm\data\train\train_0157.png,train,no,no,no_fire,no_fire
train_0158.png,D:\Abiyelunwen\new_fire_vlm\data\train\train_0158.png,train,no,no,no_fire,no_fire
train_0159.png,D:\Abiyelunwen\new_fire_vlm\data\train\train_0159.png,train,no,no,no_fire,no_fire
train_0160.png,D:\Abiyelunwen\new_fire_vlm\data\train\train_0160.png,train,no,no,no_fire,no_fire
train_0161.png,D:\Abiyelunwen\new_fire_vlm\data\train\train_0161.png,train,no,no,no_fire,no_fire
train_0162.png,D:\Abiyelunwen\new_fire_vlm\data\train\train_0162.png,train,no,no,no_fire,no_fire
train_0163.png,D:\Abiyelunwen\new_fire_vlm\data\train\train_0163.png,train,no,no,no_fire,no_fire
train_0164.png,D:\Abiyelunwen\new_fire_vlm\data\train\train_0164.png,train,no,no,no_fire,no_fire
train_0165.png,D:\Abiyelunwen\new_fire_vlm\data\train\train_0165.png,train,no,no,no_fire,no_fire
train_0166.png,D:\Abiyelunwen\new_fire_vlm\data\train\train_0166.png,train,no,no,no_fire,no_fire
train_0167.png,D:\Abiyelunwen\new_fire_vlm\data\train\train_0167.png,train,no,no,no_fire,no_fire
train_0168.png,D:\Abiyelunwen\new_fire_vlm\data\train\train_0168.png,train,no,no,no_fire,no_fire
train_0169.png,D:\Abiyelunwen\new_fire_vlm\data\train\train_0169.png,train,no,no,no_fire,no_fire
train_0170.png,D:\Abiyelunwen\new_fire_vlm\data\train\train_0170.png,train,no,no,no_fire,no_fire
train_0171.png,D:\Abiyelunwen\new_fire_vlm\data\train\train_0171.png,train,no,no,no_fire,no_fire
train_0172.png,D:\Abiyelunwen\new_fire_vlm\data\train\train_0172.png,train,no,no,no_fire,no_fire
train_0173.png,D:\Abiyelunwen\new_fire_vlm\data\train\train_0173.png,train,no,no,no_fire,no_fire
train_0174.png,D:\Abiyelunwen\new_fire_vlm\data\train\train_0174.png,train,no,no,no_fire,no_fire
train_0175.png,D:\Abiyelunwen\new_fire_vlm\data\train\train_0175.png,train,no,no,no_fire,no_fire
train_0176.png,D:\Abiyelunwen\new_fire_vlm\data\train\train_0176.png,train,no,no,no_fire,no_fire
train_0177.png,D:\Abiyelunwen\new_fire_vlm\data\train\train_0177.png,train,no,no,no_fire,no_fire
train_0178.png,D:\Abiyelunwen\new_fire_vlm\data\train\train_0178.png,train,no,no,no_fire,no_fire
train_0179.png,D:\Abiyelunwen\new_fire_vlm\data\train\train_0179.png,train,no,no,no_fire,no_fire
train_0180.png,D:\Abiyelunwen\new_fire_vlm\data\train\train_0180.png,train,no,no,no_fire,no_fire
train_0181.png,D:\Abiyelunwen\new_fire_vlm\data\train\train_0181.png,train,no,no,no_fire,no_fire
train_0182.png,D:\Abiyelunwen\new_fire_vlm\data\train\train_0182.png,train,no,no,no_fire,no_fire
train_0183.png,D:\Abiyelunwen\new_fire_vlm\data\train\train_0183.png,train,no,no,no_fire,no_fire
train_0184.png,D:\Abiyelunwen\new_fire_vlm\data\train\train_0184.png,train,no,no,no_fire,no_fire
train_0185.png,D:\Abiyelunwen\new_fire_vlm\data\train\train_0185.png,train,no,no,no_fire,no_fire
train_0186.png,D:\Abiyelunwen\new_fire_vlm\data\train\train_0186.png,train,no,no,no_fire,no_fire
train_0187.png,D:\Abiyelunwen\new_fire_vlm\data\train\train_0187.png,train,no,no,no_fire,no_fire
train_0188.png,D:\Abiyelunwen\new_fire_vlm\data\train\train_0188.png,train,no,no,no_fire,no_fire
train_0189.png,D:\Abiyelunwen\new_fire_vlm\data\train\train_0189.png,train,no,no,no_fire,no_fire
train_0190.png,D:\Abiyelunwen\new_fire_vlm\data\train\train_0190.png,train,no,no,no_fire,no_fire
train_0191.png,D:\Abiyelunwen\new_fire_vlm\data\train\train_0191.png,train,no,no,no_fire,no_fire
train_0192.png,D:\Abiyelunwen\new_fire_vlm\data\train\train_0192.png,train,no,no,no_fire,no_fire
train_0193.png,D:\Abiyelunwen\new_fire_vlm\data\train\train_0193.png,train,no,no,no_fire,no_fire
train_0194.png,D:\Abiyelunwen\new_fire_vlm\data\train\train_0194.png,train,no,no,no_fire,no_fire
train_0195.png,D:\Abiyelunwen\new_fire_vlm\data\train\train_0195.png,train,no,no,no_fire,no_fire
train_0196.png,D:\Abiyelunwen\new_fire_vlm\data\train\train_0196.png,train,no,no,no_fire,no_fire
train_0197.png,D:\Abiyelunwen\new_fire_vlm\data\train\train_0197.png,train,no,no,no_fire,no_fire
train_0198.png,D:\Abiyelunwen\new_fire_vlm\data\train\train_0198.png,train,no,no,no_fire,no_fire
train_0199.png,D:\Abiyelunwen\new_fire_vlm\data\train\train_0199.png,train,no,no,no_fire,no_fire
train_0200.png,D:\Abiyelunwen\new_fire_vlm\data\train\train_0200.png,train,no,no,no_fire,no_fire
train_0201.png,D:\Abiyelunwen\new_fire_vlm\data\train\train_0201.png,train,no,no,no_fire,no_fire
train_0202.png,D:\Abiyelunwen\new_fire_vlm\data\train\train_0202.png,train,no,no,no_fire,no_fire
train_0203.png,D:\Abiyelunwen\new_fire_vlm\data\train\train_0203.png,train,no,no,no_fire,no_fire
train_0204.png,D:\Abiyelunwen\new_fire_vlm\data\train\train_0204.png,train,no,no,no_fire,no_fire
train_0205.png,D:\Abiyelunwen\new_fire_vlm\data\train\train_0205.png,train,no,no,no_fire,no_fire
train_0206.png,D:\Abiyelunwen\new_fire_vlm\data\train\train_0206.png,train,no,no,no_fire,no_fire
train_0207.png,D:\Abiyelunwen\new_fire_vlm\data\train\train_0207.png,train,no,no,no_fire,no_fire
train_0208.png,D:\Abiyelunwen\new_fire_vlm\data\train\train_0208.png,train,no,no,no_fire,no_fire
train_0209.png,D:\Abiyelunwen\new_fire_vlm\data\train\train_0209.png,train,no,no,no_fire,no_fire
train_0210.png,D:\Abiyelunwen\new_fire_vlm\data\train\train_0210.png,train,no,no,no_fire,no_fire
train_0211.png,D:\Abiyelunwen\new_fire_vlm\data\train\train_0211.png,train,no,no,no_fire,no_fire
train_0212.png,D:\Abiyelunwen\new_fire_vlm\data\train\train_0212.png,train,no,no,no_fire,no_fire
train_0213.png,D:\Abiyelunwen\new_fire_vlm\data\train\train_0213.png,train,no,no,no_fire,no_fire
train_0214.png,D:\Abiyelunwen\new_fire_vlm\data\train\train_0214.png,train,no,no,no_fire,no_fire
train_0215.png,D:\Abiyelunwen\new_fire_vlm\data\train\train_0215.png,train,no,no,no_fire,no_fire
train_0216.png,D:\Abiyelunwen\new_fire_vlm\data\train\train_0216.png,train,no,no,no_fire,no_fire
train_0217.png,D:\Abiyelunwen\new_fire_vlm\data\train\train_0217.png,train,no,no,no_fire,no_fire
train_0218.png,D:\Abiyelunwen\new_fire_vlm\data\train\train_0218.png,train,no,no,no_fire,no_fire
train_0219.png,D:\Abiyelunwen\new_fire_vlm\data\train\train_0219.png,train,no,no,no_fire,no_fire
train_0220.png,D:\Abiyelunwen\new_fire_vlm\data\train\train_0220.png,train,no,no,no_fire,no_fire
train_0221.png,D:\Abiyelunwen\new_fire_vlm\data\train\train_0221.png,train,no,no,no_fire,no_fire
train_0222.png,D:\Abiyelunwen\new_fire_vlm\data\train\train_0222.png,train,no,no,no_fire,no_fire
train_0223.png,D:\Abiyelunwen\new_fire_vlm\data\train\train_0223.png,train,no,no,no_fire,no_fire
train_0224.png,D:\Abiyelunwen\new_fire_vlm\data\train\train_0224.png,train,no,no,no_fire,no_fire
train_0225.png,D:\Abiyelunwen\new_fire_vlm\data\train\train_0225.png,train,no,no,no_fire,no_fire
train_0226.png,D:\Abiyelunwen\new_fire_vlm\data\train\train_0226.png,train,no,no,no_fire,no_fire
train_0227.png,D:\Abiyelunwen\new_fire_vlm\data\train\train_0227.png,train,no,no,no_fire,no_fire
train_0228.png,D:\Abiyelunwen\new_fire_vlm\data\train\train_0228.png,train,no,no,no_fire,no_fire
train_0229.png,D:\Abiyelunwen\new_fire_vlm\data\train\train_0229.png,train,no,no,no_fire,no_fire
train_0230.png,D:\Abiyelunwen\new_fire_vlm\data\train\train_0230.png,train,no,no,no_fire,no_fire
train_0231.png,D:\Abiyelunwen\new_fire_vlm\data\train\train_0231.png,train,no,no,no_fire,no_fire
train_0232.png,D:\Abiyelunwen\new_fire_vlm\data\train\train_0232.png,train,no,no,no_fire,no_fire
train_0233.png,D:\Abiyelunwen\new_fire_vlm\data\train\train_0233.png,train,no,no,no_fire,no_fire
train_0234.png,D:\Abiyelunwen\new_fire_vlm\data\train\train_0234.png,train,no,no,no_fire,no_fire
train_0235.png,D:\Abiyelunwen\new_fire_vlm\data\train\train_0235.png,train,no,no,no_fire,no_fire
train_0236.png,D:\Abiyelunwen\new_fire_vlm\data\train\train_0236.png,train,no,no,no_fire,no_fire
train_0237.png,D:\Abiyelunwen\new_fire_vlm\data\train\train_0237.png,train,no,no,no_fire,no_fire
train_0238.png,D:\Abiyelunwen\new_fire_vlm\data\train\train_0238.png,train,no,no,no_fire,no_fire
train_0239.png,D:\Abiyelunwen\new_fire_vlm\data\train\train_0239.png,train,no,no,no_fire,no_fire
train_0240.png,D:\Abiyelunwen\new_fire_vlm\data\train\train_0240.png,train,no,no,no_fire,no_fire
train_0241.png,D:\Abiyelunwen\new_fire_vlm\data\train\train_0241.png,train,no,no,no_fire,no_fire
train_0242.png,D:\Abiyelunwen\new_fire_vlm\data\train\train_0242.png,train,no,no,no_fire,no_fire
train_0243.png,D:\Abiyelunwen\new_fire_vlm\data\train\train_0243.png,train,no,no,no_fire,no_fire
train_0244.png,D:\Abiyelunwen\new_fire_vlm\data\train\train_0244.png,train,no,no,no_fire,no_fire
train_0245.png,D:\Abiyelunwen\new_fire_vlm\data\train\train_0245.png,train,no,no,no_fire,no_fire
train_0246.png,D:\Abiyelunwen\new_fire_vlm\data\train\train_0246.png,train,no,no,no_fire,no_fire
train_0247.png,D:\Abiyelunwen\new_fire_vlm\data\train\train_0247.png,train,no,no,no_fire,no_fire
train_0248.png,D:\Abiyelunwen\new_fire_vlm\data\train\train_0248.png,train,no,no,no_fire,no_fire
train_0249.png,D:\Abiyelunwen\new_fire_vlm\data\train\train_0249.png,train,no,no,no_fire,no_fire
train_0250.png,D:\Abiyelunwen\new_fire_vlm\data\train\train_0250.png,train,no,no,no_fire,no_fire
train_0251.png,D:\Abiyelunwen\new_fire_vlm\data\train\train_0251.png,train,no,no,no_fire,no_fire
train_0252.png,D:\Abiyelunwen\new_fire_vlm\data\train\train_0252.png,train,no,no,no_fire,no_fire
train_0253.png,D:\Abiyelunwen\new_fire_vlm\data\train\train_0253.png,train,no,no,no_fire,no_fire
train_0254.png,D:\Abiyelunwen\new_fire_vlm\data\train\train_0254.png,train,no,no,no_fire,no_fire
train_0255.png,D:\Abiyelunwen\new_fire_vlm\data\train\train_0255.png,train,no,no,no_fire,no_fire
train_0256.png,D:\Abiyelunwen\new_fire_vlm\data\train\train_0256.png,train,no,no,no_fire,no_fire
train_0257.png,D:\Abiyelunwen\new_fire_vlm\data\train\train_0257.png,train,no,no,no_fire,no_fire
train_0258.png,D:\Abiyelunwen\new_fire_vlm\data\train\train_0258.png,train,no,no,no_fire,no_fire
train_0259.png,D:\Abiyelunwen\new_fire_vlm\data\train\train_0259.png,train,no,no,no_fire,no_fire
train_0260.png,D:\Abiyelunwen\new_fire_vlm\data\train\train_0260.png,train,no,no,no_fire,no_fire
train_0261.png,D:\Abiyelunwen\new_fire_vlm\data\train\train_0261.png,train,no,no,no_fire,no_fire
train_0262.png,D:\Abiyelunwen\new_fire_vlm\data\train\train_0262.png,train,no,no,no_fire,no_fire
train_0263.png,D:\Abiyelunwen\new_fire_vlm\data\train\train_0263.png,train,no,no,no_fire,no_fire
train_0264.png,D:\Abiyelunwen\new_fire_vlm\data\train\train_0264.png,train,no,no,no_fire,no_fire
train_0265.png,D:\Abiyelunwen\new_fire_vlm\data\train\train_0265.png,train,no,no,no_fire,no_fire
train_0266.png,D:\Abiyelunwen\new_fire_vlm\data\train\train_0266.png,train,no,no,no_fire,no_fire
train_0267.png,D:\Abiyelunwen\new_fire_vlm\data\train\train_0267.png,train,no,no,no_fire,no_fire
train_0268.png,D:\Abiyelunwen\new_fire_vlm\data\train\train_0268.png,train,no,no,no_fire,no_fire
train_0269.png,D:\Abiyelunwen\new_fire_vlm\data\train\train_0269.png,train,no,no,no_fire,no_fire
train_0270.png,D:\Abiyelunwen\new_fire_vlm\data\train\train_0270.png,train,no,no,no_fire,no_fire
train_0271.png,D:\Abiyelunwen\new_fire_vlm\data\train\train_0271.png,train,no,no,no_fire,no_fire
train_0272.png,D:\Abiyelunwen\new_fire_vlm\data\train\train_0272.png,train,no,no,no_fire,no_fire
train_0273.png,D:\Abiyelunwen\new_fire_vlm\data\train\train_0273.png,train,no,no,no_fire,no_fire
train_0274.png,D:\Abiyelunwen\new_fire_vlm\data\train\train_0274.png,train,no,no,no_fire,no_fire
train_0275.png,D:\Abiyelunwen\new_fire_vlm\data\train\train_0275.png,train,no,no,no_fire,no_fire
train_0276.png,D:\Abiyelunwen\new_fire_vlm\data\train\train_0276.png,train,no,no,no_fire,no_fire
train_0277.png,D:\Abiyelunwen\new_fire_vlm\data\train\train_0277.png,train,no,no,no_fire,no_fire
train_0278.png,D:\Abiyelunwen\new_fire_vlm\data\train\train_0278.png,train,no,no,no_fire,no_fire
train_0279.png,D:\Abiyelunwen\new_fire_vlm\data\train\train_0279.png,train,no,no,no_fire,no_fire
train_0280.png,D:\Abiyelunwen\new_fire_vlm\data\train\train_0280.png,train,no,no,no_fire,no_fire
train_0281.png,D:\Abiyelunwen\new_fire_vlm\data\train\train_0281.png,train,no,no,no_fire,no_fire
train_0282.png,D:\Abiyelunwen\new_fire_vlm\data\train\train_0282.png,train,no,no,no_fire,no_fire
train_0283.png,D:\Abiyelunwen\new_fire_vlm\data\train\train_0283.png,train,no,no,no_fire,no_fire
train_0284.png,D:\Abiyelunwen\new_fire_vlm\data\train\train_0284.png,train,no,no,no_fire,no_fire
train_0285.png,D:\Abiyelunwen\new_fire_vlm\data\train\train_0285.png,train,no,no,no_fire,no_fire
train_0286.png,D:\Abiyelunwen\new_fire_vlm\data\train\train_0286.png,train,no,no,no_fire,no_fire
train_0287.png,D:\Abiyelunwen\new_fire_vlm\data\train\train_0287.png,train,no,no,no_fire,no_fire
train_0288.png,D:\Abiyelunwen\new_fire_vlm\data\train\train_0288.png,train,no,no,no_fire,no_fire
train_0289.png,D:\Abiyelunwen\new_fire_vlm\data\train\train_0289.png,train,no,no,no_fire,no_fire
train_0290.png,D:\Abiyelunwen\new_fire_vlm\data\train\train_0290.png,train,no,no,no_fire,no_fire
train_0291.png,D:\Abiyelunwen\new_fire_vlm\data\train\train_0291.png,train,no,no,no_fire,no_fire
train_0292.png,D:\Abiyelunwen\new_fire_vlm\data\train\train_0292.png,train,no,no,no_fire,no_fire
train_0293.png,D:\Abiyelunwen\new_fire_vlm\data\train\train_0293.png,train,no,no,no_fire,no_fire
train_0294.png,D:\Abiyelunwen\new_fire_vlm\data\train\train_0294.png,train,no,no,no_fire,no_fire
train_0295.png,D:\Abiyelunwen\new_fire_vlm\data\train\train_0295.png,train,no,no,no_fire,no_fire
train_0296.png,D:\Abiyelunwen\new_fire_vlm\data\train\train_0296.png,train,no,no,no_fire,no_fire
train_0297.png,D:\Abiyelunwen\new_fire_vlm\data\train\train_0297.png,train,no,no,no_fire,no_fire
train_0298.png,D:\Abiyelunwen\new_fire_vlm\data\train\train_0298.png,train,no,no,no_fire,no_fire
train_0299.png,D:\Abiyelunwen\new_fire_vlm\data\train\train_0299.png,train,no,no,no_fire,no_fire
train_0300.png,D:\Abiyelunwen\new_fire_vlm\data\train\train_0300.png,train,no,no,no_fire,no_fire
train_0301.png,D:\Abiyelunwen\new_fire_vlm\data\train\train_0301.png,train,no,no,no_fire,no_fire
train_0302.png,D:\Abiyelunwen\new_fire_vlm\data\train\train_0302.png,train,no,no,no_fire,no_fire
train_0303.png,D:\Abiyelunwen\new_fire_vlm\data\train\train_0303.png,train,no,no,no_fire,no_fire
train_0304.png,D:\Abiyelunwen\new_fire_vlm\data\train\train_0304.png,train,no,no,no_fire,no_fire
train_0305.png,D:\Abiyelunwen\new_fire_vlm\data\train\train_0305.png,train,no,no,no_fire,no_fire
train_0306.png,D:\Abiyelunwen\new_fire_vlm\data\train\train_0306.png,train,no,no,no_fire,no_fire
train_0307.png,D:\Abiyelunwen\new_fire_vlm\data\train\train_0307.png,train,no,no,no_fire,no_fire
train_0308.png,D:\Abiyelunwen\new_fire_vlm\data\train\train_0308.png,train,no,no,no_fire,no_fire
train_0309.png,D:\Abiyelunwen\new_fire_vlm\data\train\train_0309.png,train,no,no,no_fire,no_fire
train_0310.png,D:\Abiyelunwen\new_fire_vlm\data\train\train_0310.png,train,no,no,no_fire,no_fire
train_0311.png,D:\Abiyelunwen\new_fire_vlm\data\train\train_0311.png,train,no,no,no_fire,no_fire
train_0312.png,D:\Abiyelunwen\new_fire_vlm\data\train\train_0312.png,train,no,no,no_fire,no_fire
train_0313.png,D:\Abiyelunwen\new_fire_vlm\data\train\train_0313.png,train,no,no,no_fire,no_fire
train_0314.png,D:\Abiyelunwen\new_fire_vlm\data\train\train_0314.png,train,no,no,no_fire,no_fire
train_0315.png,D:\Abiyelunwen\new_fire_vlm\data\train\train_0315.png,train,no,no,no_fire,no_fire
train_0316.png,D:\Abiyelunwen\new_fire_vlm\data\train\train_0316.png,train,no,no,no_fire,no_fire
train_0317.png,D:\Abiyelunwen\new_fire_vlm\data\train\train_0317.png,train,no,no,no_fire,no_fire
train_0318.png,D:\Abiyelunwen\new_fire_vlm\data\train\train_0318.png,train,no,no,no_fire,no_fire
train_0319.png,D:\Abiyelunwen\new_fire_vlm\data\train\train_0319.png,train,no,no,no_fire,no_fire
train_0320.png,D:\Abiyelunwen\new_fire_vlm\data\train\train_0320.png,train,no,no,no_fire,no_fire
train_0321.png,D:\Abiyelunwen\new_fire_vlm\data\train\train_0321.png,train,no,no,no_fire,no_fire
train_0322.png,D:\Abiyelunwen\new_fire_vlm\data\train\train_0322.png,train,no,no,no_fire,no_fire
train_0323.png,D:\Abiyelunwen\new_fire_vlm\data\train\train_0323.png,train,no,no,no_fire,no_fire
train_0324.png,D:\Abiyelunwen\new_fire_vlm\data\train\train_0324.png,train,no,no,no_fire,no_fire
train_0325.png,D:\Abiyelunwen\new_fire_vlm\data\train\train_0325.png,train,no,no,no_fire,no_fire
train_0326.png,D:\Abiyelunwen\new_fire_vlm\data\train\train_0326.png,train,no,no,no_fire,no_fire
train_0327.png,D:\Abiyelunwen\new_fire_vlm\data\train\train_0327.png,train,no,no,no_fire,no_fire
train_0328.png,D:\Abiyelunwen\new_fire_vlm\data\train\train_0328.png,train,no,no,no_fire,no_fire
train_0329.png,D:\Abiyelunwen\new_fire_vlm\data\train\train_0329.png,train,no,no,no_fire,no_fire
train_0330.png,D:\Abiyelunwen\new_fire_vlm\data\train\train_0330.png,train,no,no,no_fire,no_fire
train_0331.png,D:\Abiyelunwen\new_fire_vlm\data\train\train_0331.png,train,no,no,no_fire,no_fire
train_0332.png,D:\Abiyelunwen\new_fire_vlm\data\train\train_0332.png,train,no,no,no_fire,no_fire
train_0333.png,D:\Abiyelunwen\new_fire_vlm\data\train\train_0333.png,train,no,no,no_fire,no_fire
train_0334.png,D:\Abiyelunwen\new_fire_vlm\data\train\train_0334.png,train,no,no,no_fire,no_fire
train_0335.png,D:\Abiyelunwen\new_fire_vlm\data\train\train_0335.png,train,no,no,no_fire,no_fire
train_0336.png,D:\Abiyelunwen\new_fire_vlm\data\train\train_0336.png,train,no,no,no_fire,no_fire
train_0337.png,D:\Abiyelunwen\new_fire_vlm\data\train\train_0337.png,train,no,no,no_fire,no_fire
train_0338.png,D:\Abiyelunwen\new_fire_vlm\data\train\train_0338.png,train,no,no,no_fire,no_fire
train_0339.png,D:\Abiyelunwen\new_fire_vlm\data\train\train_0339.png,train,no,no,no_fire,no_fire
train_0340.png,D:\Abiyelunwen\new_fire_vlm\data\train\train_0340.png,train,no,no,no_fire,no_fire
train_0341.png,D:\Abiyelunwen\new_fire_vlm\data\train\train_0341.png,train,no,no,no_fire,no_fire
train_0342.png,D:\Abiyelunwen\new_fire_vlm\data\train\train_0342.png,train,no,no,no_fire,no_fire
train_0343.png,D:\Abiyelunwen\new_fire_vlm\data\train\train_0343.png,train,no,no,no_fire,no_fire
train_0344.png,D:\Abiyelunwen\new_fire_vlm\data\train\train_0344.png,train,no,no,no_fire,no_fire
train_0345.png,D:\Abiyelunwen\new_fire_vlm\data\train\train_0345.png,train,no,no,no_fire,no_fire
train_0346.png,D:\Abiyelunwen\new_fire_vlm\data\train\train_0346.png,train,no,no,no_fire,no_fire
train_0347.png,D:\Abiyelunwen\new_fire_vlm\data\train\train_0347.png,train,no,no,no_fire,no_fire
train_0348.png,D:\Abiyelunwen\new_fire_vlm\data\train\train_0348.png,train,no,no,no_fire,no_fire
train_0349.png,D:\Abiyelunwen\new_fire_vlm\data\train\train_0349.png,train,no,no,no_fire,no_fire
train_0350.png,D:\Abiyelunwen\new_fire_vlm\data\train\train_0350.png,train,no,no,no_fire,no_fire
train_0351.png,D:\Abiyelunwen\new_fire_vlm\data\train\train_0351.png,train,no,no,no_fire,no_fire
train_0352.png,D:\Abiyelunwen\new_fire_vlm\data\train\train_0352.png,train,no,no,no_fire,no_fire
train_0353.png,D:\Abiyelunwen\new_fire_vlm\data\train\train_0353.png,train,no,no,no_fire,no_fire
train_0354.png,D:\Abiyelunwen\new_fire_vlm\data\train\train_0354.png,train,no,no,no_fire,no_fire
train_0355.png,D:\Abiyelunwen\new_fire_vlm\data\train\train_0355.png,train,no,no,no_fire,no_fire
train_0356.png,D:\Abiyelunwen\new_fire_vlm\data\train\train_0356.png,train,no,no,no_fire,no_fire
train_0357.png,D:\Abiyelunwen\new_fire_vlm\data\train\train_0357.png,train,no,no,no_fire,no_fire
train_0358.png,D:\Abiyelunwen\new_fire_vlm\data\train\train_0358.png,train,no,no,no_fire,no_fire
train_0359.png,D:\Abiyelunwen\new_fire_vlm\data\train\train_0359.png,train,no,no,no_fire,no_fire
train_0360.png,D:\Abiyelunwen\new_fire_vlm\data\train\train_0360.png,train,no,no,no_fire,no_fire
train_0361.png,D:\Abiyelunwen\new_fire_vlm\data\train\train_0361.png,train,no,no,no_fire,no_fire
train_0362.png,D:\Abiyelunwen\new_fire_vlm\data\train\train_0362.png,train,no,no,no_fire,no_fire
train_0363.png,D:\Abiyelunwen\new_fire_vlm\data\train\train_0363.png,train,no,no,no_fire,no_fire
train_0364.png,D:\Abiyelunwen\new_fire_vlm\data\train\train_0364.png,train,no,no,no_fire,no_fire
train_0365.png,D:\Abiyelunwen\new_fire_vlm\data\train\train_0365.png,train,no,no,no_fire,no_fire
train_0366.png,D:\Abiyelunwen\new_fire_vlm\data\train\train_0366.png,train,no,no,no_fire,no_fire
train_0367.png,D:\Abiyelunwen\new_fire_vlm\data\train\train_0367.png,train,no,no,no_fire,no_fire
train_0368.png,D:\Abiyelunwen\new_fire_vlm\data\train\train_0368.png,train,no,no,no_fire,no_fire
train_0369.png,D:\Abiyelunwen\new_fire_vlm\data\train\train_0369.png,train,no,no,no_fire,no_fire
train_0370.png,D:\Abiyelunwen\new_fire_vlm\data\train\train_0370.png,train,no,no,no_fire,no_fire
train_0371.png,D:\Abiyelunwen\new_fire_vlm\data\train\train_0371.png,train,no,no,no_fire,no_fire
train_0372.png,D:\Abiyelunwen\new_fire_vlm\data\train\train_0372.png,train,no,no,no_fire,no_fire
train_0373.png,D:\Abiyelunwen\new_fire_vlm\data\train\train_0373.png,train,no,no,no_fire,no_fire
train_0374.png,D:\Abiyelunwen\new_fire_vlm\data\train\train_0374.png,train,no,no,no_fire,no_fire
train_0375.png,D:\Abiyelunwen\new_fire_vlm\data\train\train_0375.png,train,no,no,no_fire,no_fire
train_0376.png,D:\Abiyelunwen\new_fire_vlm\data\train\train_0376.png,train,no,no,no_fire,no_fire
train_0377.png,D:\Abiyelunwen\new_fire_vlm\data\train\train_0377.png,train,no,no,no_fire,no_fire
train_0378.png,D:\Abiyelunwen\new_fire_vlm\data\train\train_0378.png,train,no,no,no_fire,no_fire
train_0379.png,D:\Abiyelunwen\new_fire_vlm\data\train\train_0379.png,train,no,no,no_fire,no_fire
train_0380.png,D:\Abiyelunwen\new_fire_vlm\data\train\train_0380.png,train,no,no,no_fire,no_fire
train_0381.png,D:\Abiyelunwen\new_fire_vlm\data\train\train_0381.png,train,no,no,no_fire,no_fire
train_0382.png,D:\Abiyelunwen\new_fire_vlm\data\train\train_0382.png,train,no,no,no_fire,no_fire
train_0383.png,D:\Abiyelunwen\new_fire_vlm\data\train\train_0383.png,train,no,no,no_fire,no_fire
train_0384.png,D:\Abiyelunwen\new_fire_vlm\data\train\train_0384.png,train,no,no,no_fire,no_fire
train_0385.png,D:\Abiyelunwen\new_fire_vlm\data\train\train_0385.png,train,no,no,no_fire,no_fire
train_0386.png,D:\Abiyelunwen\new_fire_vlm\data\train\train_0386.png,train,no,no,no_fire,no_fire
train_0387.png,D:\Abiyelunwen\new_fire_vlm\data\train\train_0387.png,train,no,no,no_fire,no_fire
train_0388.png,D:\Abiyelunwen\new_fire_vlm\data\train\train_0388.png,train,no,no,no_fire,no_fire
train_0389.png,D:\Abiyelunwen\new_fire_vlm\data\train\train_0389.png,train,no,no,no_fire,no_fire
train_0390.png,D:\Abiyelunwen\new_fire_vlm\data\train\train_0390.png,train,no,no,no_fire,no_fire
train_0391.png,D:\Abiyelunwen\new_fire_vlm\data\train\train_0391.png,train,no,no,no_fire,no_fire
train_0392.png,D:\Abiyelunwen\new_fire_vlm\data\train\train_0392.png,train,no,no,no_fire,no_fire
train_0393.png,D:\Abiyelunwen\new_fire_vlm\data\train\train_0393.png,train,no,no,no_fire,no_fire
train_0394.png,D:\Abiyelunwen\new_fire_vlm\data\train\train_0394.png,train,no,no,no_fire,no_fire
train_0395.png,D:\Abiyelunwen\new_fire_vlm\data\train\train_0395.png,train,no,no,no_fire,no_fire
train_0396.png,D:\Abiyelunwen\new_fire_vlm\data\train\train_0396.png,train,no,no,no_fire,no_fire
train_0397.png,D:\Abiyelunwen\new_fire_vlm\data\train\train_0397.png,train,no,no,no_fire,no_fire
train_0398.png,D:\Abiyelunwen\new_fire_vlm\data\train\train_0398.png,train,no,no,no_fire,no_fire
train_0399.png,D:\Abiyelunwen\new_fire_vlm\data\train\train_0399.png,train,no,no,no_fire,no_fire
train_0400.jpg,D:\Abiyelunwen\new_fire_vlm\data\train\train_0400.jpg,train,no,no,no_fire,no_fire
train_0401.jpg,D:\Abiyelunwen\new_fire_vlm\data\train\train_0401.jpg,train,yes,yes,cannot_determine,cannot_determine
train_0402.jpg,D:\Abiyelunwen\new_fire_vlm\data\train\train_0402.jpg,train,yes,yes,small,multiple_hotspots
train_0403.jpg,D:\Abiyelunwen\new_fire_vlm\data\train\train_0403.jpg,train,yes,yes,small,multiple_hotspots
train_0404.jpg,D:\Abiyelunwen\new_fire_vlm\data\train\train_0404.jpg,train,no,yes,cannot_determine,cannot_determine
train_0405.jpg,D:\Abiyelunwen\new_fire_vlm\data\train\train_0405.jpg,train,no,yes,cannot_determine,cannot_determine
train_0406.jpg,D:\Abiyelunwen\new_fire_vlm\data\train\train_0406.jpg,train,no,yes,cannot_determine,cannot_determine
train_0407.jpg,D:\Abiyelunwen\new_fire_vlm\data\train\train_0407.jpg,train,no,yes,cannot_determine,cannot_determine
train_0408.png,D:\Abiyelunwen\new_fire_vlm\data\train\train_0408.png,train,yes,yes,small,one_hotspot
train_0409.png,D:\Abiyelunwen\new_fire_vlm\data\train\train_0409.png,train,yes,yes,large,one_hotspot
train_0410.png,D:\Abiyelunwen\new_fire_vlm\data\train\train_0410.png,train,yes,yes,large,one_hotspot
train_0411.png,D:\Abiyelunwen\new_fire_vlm\data\train\train_0411.png,train,yes,yes,large,one_hotspot
train_0412.png,D:\Abiyelunwen\new_fire_vlm\data\train\train_0412.png,train,yes,yes,large,one_hotspot
train_0413.png,D:\Abiyelunwen\new_fire_vlm\data\train\train_0413.png,train,yes,yes,large,one_hotspot
train_0414.png,D:\Abiyelunwen\new_fire_vlm\data\train\train_0414.png,train,yes,yes,large,one_hotspot
train_0415.png,D:\Abiyelunwen\new_fire_vlm\data\train\train_0415.png,train,yes,yes,large,one_hotspot
train_0416.png,D:\Abiyelunwen\new_fire_vlm\data\train\train_0416.png,train,yes,yes,large,one_hotspot
train_0417.png,D:\Abiyelunwen\new_fire_vlm\data\train\train_0417.png,train,yes,yes,large,one_hotspot
train_0418.png,D:\Abiyelunwen\new_fire_vlm\data\train\train_0418.png,train,yes,yes,small,one_hotspot
train_0419.png,D:\Abiyelunwen\new_fire_vlm\data\train\train_0419.png,train,yes,yes,small,multiple_hotspots
train_0420.png,D:\Abiyelunwen\new_fire_vlm\data\train\train_0420.png,train,yes,yes,small,multiple_hotspots
train_0421.png,D:\Abiyelunwen\new_fire_vlm\data\train\train_0421.png,train,yes,yes,small,multiple_hotspots
train_0422.png,D:\Abiyelunwen\new_fire_vlm\data\train\train_0422.png,train,yes,yes,small,multiple_hotspots
train_0423.png,D:\Abiyelunwen\new_fire_vlm\data\train\train_0423.png,train,yes,yes,small,one_hotspot
train_0424.png,D:\Abiyelunwen\new_fire_vlm\data\train\train_0424.png,train,yes,yes,small,one_hotspot
train_0425.png,D:\Abiyelunwen\new_fire_vlm\data\train\train_0425.png,train,yes,yes,small,one_hotspot
train_0426.png,D:\Abiyelunwen\new_fire_vlm\data\train\train_0426.png,train,yes,yes,large,one_hotspot
train_0427.png,D:\Abiyelunwen\new_fire_vlm\data\train\train_0427.png,train,yes,yes,large,one_hotspot
train_0428.png,D:\Abiyelunwen\new_fire_vlm\data\train\train_0428.png,train,yes,yes,large,one_hotspot
train_0429.png,D:\Abiyelunwen\new_fire_vlm\data\train\train_0429.png,train,yes,yes,large,one_hotspot
train_0430.png,D:\Abiyelunwen\new_fire_vlm\data\train\train_0430.png,train,yes,yes,large,one_hotspot
train_0431.png,D:\Abiyelunwen\new_fire_vlm\data\train\train_0431.png,train,yes,yes,large,one_hotspot
train_0432.png,D:\Abiyelunwen\new_fire_vlm\data\train\train_0432.png,train,yes,yes,large,one_hotspot
train_0433.png,D:\Abiyelunwen\new_fire_vlm\data\train\train_0433.png,train,yes,yes,small,cannot_determine
train_0434.png,D:\Abiyelunwen\new_fire_vlm\data\train\train_0434.png,train,yes,yes,cannot_determine,cannot_determine
train_0435.png,D:\Abiyelunwen\new_fire_vlm\data\train\train_0435.png,train,yes,yes,cannot_determine,cannot_determine
train_0436.png,D:\Abiyelunwen\new_fire_vlm\data\train\train_0436.png,train,yes,yes,cannot_determine,cannot_determine
train_0437.png,D:\Abiyelunwen\new_fire_vlm\data\train\train_0437.png,train,yes,yes,cannot_determine,cannot_determine
train_0438.png,D:\Abiyelunwen\new_fire_vlm\data\train\train_0438.png,train,yes,yes,small,cannot_determine
train_0439.png,D:\Abiyelunwen\new_fire_vlm\data\train\train_0439.png,train,yes,yes,small,cannot_determine
train_0440.png,D:\Abiyelunwen\new_fire_vlm\data\train\train_0440.png,train,yes,yes,small,cannot_determine
train_0441.png,D:\Abiyelunwen\new_fire_vlm\data\train\train_0441.png,train,yes,yes,cannot_determine,cannot_determine
train_0442.png,D:\Abiyelunwen\new_fire_vlm\data\train\train_0442.png,train,yes,yes,cannot_determine,cannot_determine
train_0443.png,D:\Abiyelunwen\new_fire_vlm\data\train\train_0443.png,train,yes,yes,cannot_determine,cannot_determine
train_0444.png,D:\Abiyelunwen\new_fire_vlm\data\train\train_0444.png,train,yes,yes,small,multiple_hotspots
train_0445.png,D:\Abiyelunwen\new_fire_vlm\data\train\train_0445.png,train,yes,yes,large,multiple_hotspots
train_0446.png,D:\Abiyelunwen\new_fire_vlm\data\train\train_0446.png,train,no,yes,cannot_determine,cannot_determine
train_0447.png,D:\Abiyelunwen\new_fire_vlm\data\train\train_0447.png,train,yes,yes,small,cannot_determine
train_0448.png,D:\Abiyelunwen\new_fire_vlm\data\train\train_0448.png,train,yes,yes,small,cannot_determine
train_0449.png,D:\Abiyelunwen\new_fire_vlm\data\train\train_0449.png,train,yes,yes,cannot_determine,cannot_determine
train_0450.png,D:\Abiyelunwen\new_fire_vlm\data\train\train_0450.png,train,yes,yes,cannot_determine,cannot_determine
train_0451.png,D:\Abiyelunwen\new_fire_vlm\data\train\train_0451.png,train,yes,yes,cannot_determine,cannot_determine
train_0452.png,D:\Abiyelunwen\new_fire_vlm\data\train\train_0452.png,train,yes,yes,small,cannot_determine
train_0453.png,D:\Abiyelunwen\new_fire_vlm\data\train\train_0453.png,train,yes,yes,small,cannot_determine
train_0454.png,D:\Abiyelunwen\new_fire_vlm\data\train\train_0454.png,train,yes,yes,small,one_hotspot
train_0455.png,D:\Abiyelunwen\new_fire_vlm\data\train\train_0455.png,train,yes,yes,small,cannot_determine
train_0456.png,D:\Abiyelunwen\new_fire_vlm\data\train\train_0456.png,train,yes,yes,small,one_hotspot
train_0457.png,D:\Abiyelunwen\new_fire_vlm\data\train\train_0457.png,train,yes,yes,small,one_hotspot
train_0458.png,D:\Abiyelunwen\new_fire_vlm\data\train\train_0458.png,train,yes,yes,small,one_hotspot
train_0459.png,D:\Abiyelunwen\new_fire_vlm\data\train\train_0459.png,train,yes,yes,small,one_hotspot
train_0460.png,D:\Abiyelunwen\new_fire_vlm\data\train\train_0460.png,train,yes,yes,small,cannot_determine
train_0461.png,D:\Abiyelunwen\new_fire_vlm\data\train\train_0461.png,train,yes,yes,large,one_hotspot
train_0462.png,D:\Abiyelunwen\new_fire_vlm\data\train\train_0462.png,train,yes,yes,large,one_hotspot
train_0463.png,D:\Abiyelunwen\new_fire_vlm\data\train\train_0463.png,train,yes,yes,large,one_hotspot
train_0464.png,D:\Abiyelunwen\new_fire_vlm\data\train\train_0464.png,train,yes,yes,large,one_hotspot
train_0465.png,D:\Abiyelunwen\new_fire_vlm\data\train\train_0465.png,train,yes,yes,large,one_hotspot
train_0466.png,D:\Abiyelunwen\new_fire_vlm\data\train\train_0466.png,train,yes,yes,large,one_hotspot
train_0467.png,D:\Abiyelunwen\new_fire_vlm\data\train\train_0467.png,train,yes,yes,large,one_hotspot
train_0468.png,D:\Abiyelunwen\new_fire_vlm\data\train\train_0468.png,train,yes,yes,small,one_hotspot
train_0469.png,D:\Abiyelunwen\new_fire_vlm\data\train\train_0469.png,train,yes,no,small,one_hotspot
train_0470.png,D:\Abiyelunwen\new_fire_vlm\data\train\train_0470.png,train,yes,no,small,one_hotspot
train_0471.png,D:\Abiyelunwen\new_fire_vlm\data\train\train_0471.png,train,yes,no,small,one_hotspot
train_0472.png,D:\Abiyelunwen\new_fire_vlm\data\train\train_0472.png,train,yes,no,small,one_hotspot
train_0473.png,D:\Abiyelunwen\new_fire_vlm\data\train\train_0473.png,train,yes,yes,large,one_hotspot
train_0474.png,D:\Abiyelunwen\new_fire_vlm\data\train\train_0474.png,train,yes,yes,large,one_hotspot
train_0475.png,D:\Abiyelunwen\new_fire_vlm\data\train\train_0475.png,train,yes,yes,large,one_hotspot
train_0476.png,D:\Abiyelunwen\new_fire_vlm\data\train\train_0476.png,train,yes,yes,large,one_hotspot
train_0477.png,D:\Abiyelunwen\new_fire_vlm\data\train\train_0477.png,train,yes,yes,large,one_hotspot
train_0478.png,D:\Abiyelunwen\new_fire_vlm\data\train\train_0478.png,train,yes,yes,small,one_hotspot
train_0479.png,D:\Abiyelunwen\new_fire_vlm\data\train\train_0479.png,train,yes,yes,small,one_hotspot
train_0480.png,D:\Abiyelunwen\new_fire_vlm\data\train\train_0480.png,train,yes,yes,large,one_hotspot
train_0481.png,D:\Abiyelunwen\new_fire_vlm\data\train\train_0481.png,train,yes,yes,large,one_hotspot
train_0482.png,D:\Abiyelunwen\new_fire_vlm\data\train\train_0482.png,train,yes,yes,large,one_hotspot
train_0483.png,D:\Abiyelunwen\new_fire_vlm\data\train\train_0483.png,train,yes,yes,large,one_hotspot
train_0484.png,D:\Abiyelunwen\new_fire_vlm\data\train\train_0484.png,train,yes,yes,large,one_hotspot
train_0485.png,D:\Abiyelunwen\new_fire_vlm\data\train\train_0485.png,train,yes,yes,large,one_hotspot
train_0486.png,D:\Abiyelunwen\new_fire_vlm\data\train\train_0486.png,train,yes,yes,large,one_hotspot
train_0487.png,D:\Abiyelunwen\new_fire_vlm\data\train\train_0487.png,train,yes,yes,large,one_hotspot
train_0488.png,D:\Abiyelunwen\new_fire_vlm\data\train\train_0488.png,train,yes,yes,large,one_hotspot
train_0489.png,D:\Abiyelunwen\new_fire_vlm\data\train\train_0489.png,train,yes,yes,large,one_hotspot
train_0490.png,D:\Abiyelunwen\new_fire_vlm\data\train\train_0490.png,train,yes,yes,large,one_hotspot
train_0491.png,D:\Abiyelunwen\new_fire_vlm\data\train\train_0491.png,train,yes,yes,large,one_hotspot
train_0492.png,D:\Abiyelunwen\new_fire_vlm\data\train\train_0492.png,train,yes,yes,large,one_hotspot
train_0493.png,D:\Abiyelunwen\new_fire_vlm\data\train\train_0493.png,train,yes,yes,large,one_hotspot
train_0494.png,D:\Abiyelunwen\new_fire_vlm\data\train\train_0494.png,train,yes,yes,small,one_hotspot
train_0495.png,D:\Abiyelunwen\new_fire_vlm\data\train\train_0495.png,train,yes,yes,small,one_hotspot
train_0496.png,D:\Abiyelunwen\new_fire_vlm\data\train\train_0496.png,train,yes,yes,small,one_hotspot
train_0497.png,D:\Abiyelunwen\new_fire_vlm\data\train\train_0497.png,train,yes,yes,small,one_hotspot
train_0498.png,D:\Abiyelunwen\new_fire_vlm\data\train\train_0498.png,train,yes,yes,small,one_hotspot
train_0499.png,D:\Abiyelunwen\new_fire_vlm\data\train\train_0499.png,train,yes,yes,small,one_hotspot
train_0500.png,D:\Abiyelunwen\new_fire_vlm\data\train\train_0500.png,train,yes,yes,small,one_hotspot
train_0501.png,D:\Abiyelunwen\new_fire_vlm\data\train\train_0501.png,train,yes,yes,large,one_hotspot
train_0502.png,D:\Abiyelunwen\new_fire_vlm\data\train\train_0502.png,train,yes,yes,large,one_hotspot
train_0503.png,D:\Abiyelunwen\new_fire_vlm\data\train\train_0503.png,train,yes,yes,large,one_hotspot
train_0504.png,D:\Abiyelunwen\new_fire_vlm\data\train\train_0504.png,train,yes,yes,large,one_hotspot
train_0505.png,D:\Abiyelunwen\new_fire_vlm\data\train\train_0505.png,train,yes,yes,small,one_hotspot
train_0506.png,D:\Abiyelunwen\new_fire_vlm\data\train\train_0506.png,train,yes,yes,small,one_hotspot
train_0507.png,D:\Abiyelunwen\new_fire_vlm\data\train\train_0507.png,train,yes,yes,large,one_hotspot
train_0508.png,D:\Abiyelunwen\new_fire_vlm\data\train\train_0508.png,train,yes,yes,large,one_hotspot
train_0509.png,D:\Abiyelunwen\new_fire_vlm\data\train\train_0509.png,train,yes,yes,large,one_hotspot
train_0510.png,D:\Abiyelunwen\new_fire_vlm\data\train\train_0510.png,train,yes,yes,large,one_hotspot
train_0511.png,D:\Abiyelunwen\new_fire_vlm\data\train\train_0511.png,train,yes,yes,large,one_hotspot
train_0512.png,D:\Abiyelunwen\new_fire_vlm\data\train\train_0512.png,train,yes,yes,large,one_hotspot
train_0513.png,D:\Abiyelunwen\new_fire_vlm\data\train\train_0513.png,train,yes,yes,large,one_hotspot
train_0514.png,D:\Abiyelunwen\new_fire_vlm\data\train\train_0514.png,train,yes,yes,large,one_hotspot
train_0515.png,D:\Abiyelunwen\new_fire_vlm\data\train\train_0515.png,train,yes,yes,large,one_hotspot
train_0516.png,D:\Abiyelunwen\new_fire_vlm\data\train\train_0516.png,train,yes,yes,large,one_hotspot
train_0517.png,D:\Abiyelunwen\new_fire_vlm\data\train\train_0517.png,train,yes,yes,large,one_hotspot
train_0518.png,D:\Abiyelunwen\new_fire_vlm\data\train\train_0518.png,train,yes,yes,large,one_hotspot
train_0519.png,D:\Abiyelunwen\new_fire_vlm\data\train\train_0519.png,train,yes,yes,large,one_hotspot
train_0520.png,D:\Abiyelunwen\new_fire_vlm\data\train\train_0520.png,train,yes,yes,large,one_hotspot
train_0521.png,D:\Abiyelunwen\new_fire_vlm\data\train\train_0521.png,train,yes,yes,large,multiple_hotspots
train_0522.png,D:\Abiyelunwen\new_fire_vlm\data\train\train_0522.png,train,yes,yes,large,multiple_hotspots
train_0523.png,D:\Abiyelunwen\new_fire_vlm\data\train\train_0523.png,train,yes,yes,large,multiple_hotspots
train_0524.png,D:\Abiyelunwen\new_fire_vlm\data\train\train_0524.png,train,yes,yes,large,multiple_hotspots
train_0525.png,D:\Abiyelunwen\new_fire_vlm\data\train\train_0525.png,train,yes,yes,large,multiple_hotspots
train_0526.png,D:\Abiyelunwen\new_fire_vlm\data\train\train_0526.png,train,yes,yes,large,multiple_hotspots
train_0527.png,D:\Abiyelunwen\new_fire_vlm\data\train\train_0527.png,train,yes,yes,small,one_hotspot
train_0528.png,D:\Abiyelunwen\new_fire_vlm\data\train\train_0528.png,train,yes,yes,large,multiple_hotspots
train_0529.png,D:\Abiyelunwen\new_fire_vlm\data\train\train_0529.png,train,yes,yes,large,multiple_hotspots
train_0530.png,D:\Abiyelunwen\new_fire_vlm\data\train\train_0530.png,train,yes,yes,large,multiple_hotspots
train_0531.png,D:\Abiyelunwen\new_fire_vlm\data\train\train_0531.png,train,yes,yes,large,multiple_hotspots
train_0532.png,D:\Abiyelunwen\new_fire_vlm\data\train\train_0532.png,train,yes,yes,large,multiple_hotspots
train_0533.png,D:\Abiyelunwen\new_fire_vlm\data\train\train_0533.png,train,yes,yes,large,multiple_hotspots
train_0534.png,D:\Abiyelunwen\new_fire_vlm\data\train\train_0534.png,train,yes,yes,large,multiple_hotspots
train_0535.png,D:\Abiyelunwen\new_fire_vlm\data\train\train_0535.png,train,yes,yes,large,multiple_hotspots
train_0536.png,D:\Abiyelunwen\new_fire_vlm\data\train\train_0536.png,train,yes,yes,large,multiple_hotspots
train_0537.png,D:\Abiyelunwen\new_fire_vlm\data\train\train_0537.png,train,yes,yes,large,multiple_hotspots
train_0538.png,D:\Abiyelunwen\new_fire_vlm\data\train\train_0538.png,train,yes,yes,large,multiple_hotspots
train_0539.png,D:\Abiyelunwen\new_fire_vlm\data\train\train_0539.png,train,yes,yes,large,multiple_hotspots
train_0540.png,D:\Abiyelunwen\new_fire_vlm\data\train\train_0540.png,train,yes,yes,large,multiple_hotspots
train_0541.png,D:\Abiyelunwen\new_fire_vlm\data\train\train_0541.png,train,yes,yes,large,multiple_hotspots
train_0542.png,D:\Abiyelunwen\new_fire_vlm\data\train\train_0542.png,train,yes,yes,large,multiple_hotspots
train_0543.png,D:\Abiyelunwen\new_fire_vlm\data\train\train_0543.png,train,yes,yes,cannot_determine,cannot_determine
train_0544.png,D:\Abiyelunwen\new_fire_vlm\data\train\train_0544.png,train,yes,yes,cannot_determine,cannot_determine
train_0545.png,D:\Abiyelunwen\new_fire_vlm\data\train\train_0545.png,train,yes,yes,large,multiple_hotspots
train_0546.png,D:\Abiyelunwen\new_fire_vlm\data\train\train_0546.png,train,yes,yes,large,multiple_hotspots
train_0547.png,D:\Abiyelunwen\new_fire_vlm\data\train\train_0547.png,train,yes,yes,large,multiple_hotspots
train_0548.png,D:\Abiyelunwen\new_fire_vlm\data\train\train_0548.png,train,yes,yes,large,multiple_hotspots
train_0549.png,D:\Abiyelunwen\new_fire_vlm\data\train\train_0549.png,train,yes,yes,large,multiple_hotspots
train_0550.png,D:\Abiyelunwen\new_fire_vlm\data\train\train_0550.png,train,yes,yes,large,multiple_hotspots
train_0551.png,D:\Abiyelunwen\new_fire_vlm\data\train\train_0551.png,train,yes,yes,large,multiple_hotspots
train_0552.png,D:\Abiyelunwen\new_fire_vlm\data\train\train_0552.png,train,yes,yes,large,multiple_hotspots
train_0553.png,D:\Abiyelunwen\new_fire_vlm\data\train\train_0553.png,train,yes,yes,large,multiple_hotspots
train_0554.png,D:\Abiyelunwen\new_fire_vlm\data\train\train_0554.png,train,yes,yes,large,multiple_hotspots
train_0555.png,D:\Abiyelunwen\new_fire_vlm\data\train\train_0555.png,train,yes,yes,large,multiple_hotspots
train_0556.png,D:\Abiyelunwen\new_fire_vlm\data\train\train_0556.png,train,yes,yes,large,multiple_hotspots
train_0557.png,D:\Abiyelunwen\new_fire_vlm\data\train\train_0557.png,train,yes,yes,small,multiple_hotspots
train_0558.png,D:\Abiyelunwen\new_fire_vlm\data\train\train_0558.png,train,yes,yes,small,multiple_hotspots
train_0559.png,D:\Abiyelunwen\new_fire_vlm\data\train\train_0559.png,train,yes,yes,large,multiple_hotspots
train_0560.png,D:\Abiyelunwen\new_fire_vlm\data\train\train_0560.png,train,yes,yes,large,multiple_hotspots
train_0561.png,D:\Abiyelunwen\new_fire_vlm\data\train\train_0561.png,train,yes,yes,large,multiple_hotspots
train_0562.png,D:\Abiyelunwen\new_fire_vlm\data\train\train_0562.png,train,yes,yes,large,multiple_hotspots
train_0563.png,D:\Abiyelunwen\new_fire_vlm\data\train\train_0563.png,train,yes,yes,large,multiple_hotspots
train_0564.png,D:\Abiyelunwen\new_fire_vlm\data\train\train_0564.png,train,yes,yes,large,multiple_hotspots
train_0565.png,D:\Abiyelunwen\new_fire_vlm\data\train\train_0565.png,train,yes,yes,small,multiple_hotspots
train_0566.png,D:\Abiyelunwen\new_fire_vlm\data\train\train_0566.png,train,yes,yes,small,one_hotspot
train_0567.png,D:\Abiyelunwen\new_fire_vlm\data\train\train_0567.png,train,yes,yes,small,one_hotspot
train_0568.png,D:\Abiyelunwen\new_fire_vlm\data\train\train_0568.png,train,yes,yes,small,one_hotspot
train_0569.png,D:\Abiyelunwen\new_fire_vlm\data\train\train_0569.png,train,yes,yes,small,one_hotspot
train_0570.png,D:\Abiyelunwen\new_fire_vlm\data\train\train_0570.png,train,yes,yes,small,one_hotspot
train_0571.png,D:\Abiyelunwen\new_fire_vlm\data\train\train_0571.png,train,yes,no,small,one_hotspot
train_0572.png,D:\Abiyelunwen\new_fire_vlm\data\train\train_0572.png,train,no,no,no_fire,no_fire
train_0573.png,D:\Abiyelunwen\new_fire_vlm\data\train\train_0573.png,train,yes,yes,small,multiple_hotspots
train_0574.png,D:\Abiyelunwen\new_fire_vlm\data\train\train_0574.png,train,yes,yes,small,one_hotspot
train_0575.png,D:\Abiyelunwen\new_fire_vlm\data\train\train_0575.png,train,yes,yes,small,one_hotspot
train_0576.png,D:\Abiyelunwen\new_fire_vlm\data\train\train_0576.png,train,yes,yes,small,multiple_hotspots
train_0577.png,D:\Abiyelunwen\new_fire_vlm\data\train\train_0577.png,train,yes,yes,small,multiple_hotspots
train_0578.png,D:\Abiyelunwen\new_fire_vlm\data\train\train_0578.png,train,yes,yes,small,multiple_hotspots
train_0579.png,D:\Abiyelunwen\new_fire_vlm\data\train\train_0579.png,train,yes,yes,small,multiple_hotspots
train_0580.png,D:\Abiyelunwen\new_fire_vlm\data\train\train_0580.png,train,yes,yes,small,multiple_hotspots
train_0581.png,D:\Abiyelunwen\new_fire_vlm\data\train\train_0581.png,train,yes,yes,small,multiple_hotspots
train_0582.png,D:\Abiyelunwen\new_fire_vlm\data\train\train_0582.png,train,yes,yes,small,multiple_hotspots
train_0583.png,D:\Abiyelunwen\new_fire_vlm\data\train\train_0583.png,train,yes,yes,small,multiple_hotspots
train_0584.png,D:\Abiyelunwen\new_fire_vlm\data\train\train_0584.png,train,yes,yes,small,multiple_hotspots
train_0585.png,D:\Abiyelunwen\new_fire_vlm\data\train\train_0585.png,train,yes,yes,small,multiple_hotspots
train_0586.png,D:\Abiyelunwen\new_fire_vlm\data\train\train_0586.png,train,yes,yes,small,multiple_hotspots
train_0587.png,D:\Abiyelunwen\new_fire_vlm\data\train\train_0587.png,train,yes,yes,small,multiple_hotspots
train_0588.png,D:\Abiyelunwen\new_fire_vlm\data\train\train_0588.png,train,yes,yes,small,multiple_hotspots
train_0589.png,D:\Abiyelunwen\new_fire_vlm\data\train\train_0589.png,train,yes,yes,small,multiple_hotspots
train_0590.png,D:\Abiyelunwen\new_fire_vlm\data\train\train_0590.png,train,yes,yes,large,multiple_hotspots
train_0591.png,D:\Abiyelunwen\new_fire_vlm\data\train\train_0591.png,train,yes,yes,large,multiple_hotspots
train_0592.png,D:\Abiyelunwen\new_fire_vlm\data\train\train_0592.png,train,yes,yes,large,multiple_hotspots
train_0593.png,D:\Abiyelunwen\new_fire_vlm\data\train\train_0593.png,train,yes,yes,large,multiple_hotspots
train_0594.png,D:\Abiyelunwen\new_fire_vlm\data\train\train_0594.png,train,yes,yes,large,multiple_hotspots
train_0595.png,D:\Abiyelunwen\new_fire_vlm\data\train\train_0595.png,train,yes,yes,large,multiple_hotspots
train_0596.png,D:\Abiyelunwen\new_fire_vlm\data\train\train_0596.png,train,yes,yes,large,multiple_hotspots
train_0597.png,D:\Abiyelunwen\new_fire_vlm\data\train\train_0597.png,train,yes,yes,large,multiple_hotspots
train_0598.png,D:\Abiyelunwen\new_fire_vlm\data\train\train_0598.png,train,yes,yes,large,multiple_hotspots
train_0599.png,D:\Abiyelunwen\new_fire_vlm\data\train\train_0599.png,train,yes,yes,large,multiple_hotspots
train_0600.png,D:\Abiyelunwen\new_fire_vlm\data\train\train_0600.png,train,yes,yes,large,multiple_hotspots
train_0601.png,D:\Abiyelunwen\new_fire_vlm\data\train\train_0601.png,train,yes,yes,large,multiple_hotspots
train_0602.png,D:\Abiyelunwen\new_fire_vlm\data\train\train_0602.png,train,yes,yes,large,multiple_hotspots
train_0603.png,D:\Abiyelunwen\new_fire_vlm\data\train\train_0603.png,train,yes,yes,small,one_hotspot
train_0604.png,D:\Abiyelunwen\new_fire_vlm\data\train\train_0604.png,train,yes,yes,small,one_hotspot
train_0605.png,D:\Abiyelunwen\new_fire_vlm\data\train\train_0605.png,train,yes,yes,small,one_hotspot
train_0606.png,D:\Abiyelunwen\new_fire_vlm\data\train\train_0606.png,train,yes,yes,small,one_hotspot
train_0607.png,D:\Abiyelunwen\new_fire_vlm\data\train\train_0607.png,train,yes,yes,small,one_hotspot
train_0608.png,D:\Abiyelunwen\new_fire_vlm\data\train\train_0608.png,train,yes,yes,small,one_hotspot
train_0609.png,D:\Abiyelunwen\new_fire_vlm\data\train\train_0609.png,train,yes,yes,small,one_hotspot
train_0610.png,D:\Abiyelunwen\new_fire_vlm\data\train\train_0610.png,train,yes,yes,small,one_hotspot
train_0611.png,D:\Abiyelunwen\new_fire_vlm\data\train\train_0611.png,train,yes,yes,small,one_hotspot
train_0612.png,D:\Abiyelunwen\new_fire_vlm\data\train\train_0612.png,train,yes,yes,small,one_hotspot
train_0613.png,D:\Abiyelunwen\new_fire_vlm\data\train\train_0613.png,train,yes,yes,small,one_hotspot
train_0614.png,D:\Abiyelunwen\new_fire_vlm\data\train\train_0614.png,train,yes,yes,small,one_hotspot
train_0615.png,D:\Abiyelunwen\new_fire_vlm\data\train\train_0615.png,train,yes,yes,small,one_hotspot
train_0616.png,D:\Abiyelunwen\new_fire_vlm\data\train\train_0616.png,train,yes,yes,small,one_hotspot
train_0617.png,D:\Abiyelunwen\new_fire_vlm\data\train\train_0617.png,train,yes,yes,small,one_hotspot
train_0618.png,D:\Abiyelunwen\new_fire_vlm\data\train\train_0618.png,train,yes,yes,large,one_hotspot
train_0619.png,D:\Abiyelunwen\new_fire_vlm\data\train\train_0619.png,train,yes,yes,large,multiple_hotspots
train_0620.png,D:\Abiyelunwen\new_fire_vlm\data\train\train_0620.png,train,yes,yes,large,multiple_hotspots
train_0621.png,D:\Abiyelunwen\new_fire_vlm\data\train\train_0621.png,train,yes,yes,large,multiple_hotspots
train_0622.png,D:\Abiyelunwen\new_fire_vlm\data\train\train_0622.png,train,yes,yes,large,multiple_hotspots
train_0623.png,D:\Abiyelunwen\new_fire_vlm\data\train\train_0623.png,train,yes,yes,large,multiple_hotspots
train_0624.png,D:\Abiyelunwen\new_fire_vlm\data\train\train_0624.png,train,yes,yes,large,multiple_hotspots
train_0625.png,D:\Abiyelunwen\new_fire_vlm\data\train\train_0625.png,train,yes,yes,large,multiple_hotspots
train_0626.png,D:\Abiyelunwen\new_fire_vlm\data\train\train_0626.png,train,yes,yes,large,multiple_hotspots
train_0627.png,D:\Abiyelunwen\new_fire_vlm\data\train\train_0627.png,train,yes,yes,large,multiple_hotspots
train_0628.png,D:\Abiyelunwen\new_fire_vlm\data\train\train_0628.png,train,yes,yes,large,multiple_hotspots
train_0629.png,D:\Abiyelunwen\new_fire_vlm\data\train\train_0629.png,train,yes,yes,large,multiple_hotspots
train_0630.png,D:\Abiyelunwen\new_fire_vlm\data\train\train_0630.png,train,yes,yes,large,multiple_hotspots
train_0631.png,D:\Abiyelunwen\new_fire_vlm\data\train\train_0631.png,train,yes,yes,large,multiple_hotspots
train_0632.png,D:\Abiyelunwen\new_fire_vlm\data\train\train_0632.png,train,yes,yes,small,multiple_hotspots
train_0633.png,D:\Abiyelunwen\new_fire_vlm\data\train\train_0633.png,train,yes,yes,small,multiple_hotspots
train_0634.png,D:\Abiyelunwen\new_fire_vlm\data\train\train_0634.png,train,yes,yes,small,multiple_hotspots
train_0635.png,D:\Abiyelunwen\new_fire_vlm\data\train\train_0635.png,train,yes,yes,small,multiple_hotspots
train_0636.png,D:\Abiyelunwen\new_fire_vlm\data\train\train_0636.png,train,yes,yes,small,multiple_hotspots
train_0637.png,D:\Abiyelunwen\new_fire_vlm\data\train\train_0637.png,train,yes,yes,small,multiple_hotspots
train_0638.png,D:\Abiyelunwen\new_fire_vlm\data\train\train_0638.png,train,yes,yes,small,multiple_hotspots
train_0639.png,D:\Abiyelunwen\new_fire_vlm\data\train\train_0639.png,train,yes,yes,small,multiple_hotspots
train_0640.png,D:\Abiyelunwen\new_fire_vlm\data\train\train_0640.png,train,yes,yes,small,multiple_hotspots
train_0641.png,D:\Abiyelunwen\new_fire_vlm\data\train\train_0641.png,train,yes,yes,small,multiple_hotspots
train_0642.png,D:\Abiyelunwen\new_fire_vlm\data\train\train_0642.png,train,yes,yes,small,one_hotspot
train_0643.png,D:\Abiyelunwen\new_fire_vlm\data\train\train_0643.png,train,yes,yes,small,one_hotspot
train_0644.png,D:\Abiyelunwen\new_fire_vlm\data\train\train_0644.png,train,yes,yes,small,one_hotspot
train_0645.png,D:\Abiyelunwen\new_fire_vlm\data\train\train_0645.png,train,yes,yes,large,multiple_hotspots
train_0646.png,D:\Abiyelunwen\new_fire_vlm\data\train\train_0646.png,train,yes,yes,large,multiple_hotspots
train_0647.png,D:\Abiyelunwen\new_fire_vlm\data\train\train_0647.png,train,yes,yes,large,multiple_hotspots
train_0648.png,D:\Abiyelunwen\new_fire_vlm\data\train\train_0648.png,train,yes,yes,large,multiple_hotspots
train_0649.png,D:\Abiyelunwen\new_fire_vlm\data\train\train_0649.png,train,yes,yes,large,multiple_hotspots
train_0650.png,D:\Abiyelunwen\new_fire_vlm\data\train\train_0650.png,train,yes,yes,large,multiple_hotspots
train_0651.png,D:\Abiyelunwen\new_fire_vlm\data\train\train_0651.png,train,yes,yes,large,multiple_hotspots
train_0652.png,D:\Abiyelunwen\new_fire_vlm\data\train\train_0652.png,train,yes,yes,large,multiple_hotspots
train_0653.png,D:\Abiyelunwen\new_fire_vlm\data\train\train_0653.png,train,yes,yes,large,multiple_hotspots
train_0654.png,D:\Abiyelunwen\new_fire_vlm\data\train\train_0654.png,train,yes,yes,large,multiple_hotspots
train_0655.png,D:\Abiyelunwen\new_fire_vlm\data\train\train_0655.png,train,yes,yes,large,multiple_hotspots
train_0656.png,D:\Abiyelunwen\new_fire_vlm\data\train\train_0656.png,train,yes,yes,large,multiple_hotspots
train_0657.png,D:\Abiyelunwen\new_fire_vlm\data\train\train_0657.png,train,yes,yes,large,multiple_hotspots
train_0658.png,D:\Abiyelunwen\new_fire_vlm\data\train\train_0658.png,train,yes,yes,large,multiple_hotspots
train_0659.png,D:\Abiyelunwen\new_fire_vlm\data\train\train_0659.png,train,yes,yes,large,multiple_hotspots
train_0660.png,D:\Abiyelunwen\new_fire_vlm\data\train\train_0660.png,train,yes,yes,large,multiple_hotspots
train_0661.png,D:\Abiyelunwen\new_fire_vlm\data\train\train_0661.png,train,yes,yes,large,multiple_hotspots
train_0662.png,D:\Abiyelunwen\new_fire_vlm\data\train\train_0662.png,train,yes,yes,large,multiple_hotspots
train_0663.png,D:\Abiyelunwen\new_fire_vlm\data\train\train_0663.png,train,yes,yes,large,multiple_hotspots
train_0664.png,D:\Abiyelunwen\new_fire_vlm\data\train\train_0664.png,train,yes,yes,large,multiple_hotspots
train_0665.png,D:\Abiyelunwen\new_fire_vlm\data\train\train_0665.png,train,yes,yes,large,multiple_hotspots
train_0666.png,D:\Abiyelunwen\new_fire_vlm\data\train\train_0666.png,train,yes,yes,small,multiple_hotspots
train_0667.png,D:\Abiyelunwen\new_fire_vlm\data\train\train_0667.png,train,yes,yes,small,multiple_hotspots
train_0668.png,D:\Abiyelunwen\new_fire_vlm\data\train\train_0668.png,train,yes,yes,small,multiple_hotspots
train_0669.png,D:\Abiyelunwen\new_fire_vlm\data\train\train_0669.png,train,yes,yes,small,multiple_hotspots
train_0670.png,D:\Abiyelunwen\new_fire_vlm\data\train\train_0670.png,train,yes,yes,small,multiple_hotspots
train_0671.png,D:\Abiyelunwen\new_fire_vlm\data\train\train_0671.png,train,yes,yes,small,multiple_hotspots
train_0672.png,D:\Abiyelunwen\new_fire_vlm\data\train\train_0672.png,train,yes,yes,small,multiple_hotspots
train_0673.png,D:\Abiyelunwen\new_fire_vlm\data\train\train_0673.png,train,yes,yes,small,one_hotspot
train_0674.png,D:\Abiyelunwen\new_fire_vlm\data\train\train_0674.png,train,yes,yes,small,one_hotspot
train_0675.png,D:\Abiyelunwen\new_fire_vlm\data\train\train_0675.png,train,no,no,no_fire,no_fire
train_0676.png,D:\Abiyelunwen\new_fire_vlm\data\train\train_0676.png,train,yes,yes,small,multiple_hotspots
train_0677.png,D:\Abiyelunwen\new_fire_vlm\data\train\train_0677.png,train,yes,yes,small,one_hotspot
train_0678.png,D:\Abiyelunwen\new_fire_vlm\data\train\train_0678.png,train,yes,yes,small,multiple_hotspots
train_0679.png,D:\Abiyelunwen\new_fire_vlm\data\train\train_0679.png,train,yes,yes,small,multiple_hotspots
train_0680.png,D:\Abiyelunwen\new_fire_vlm\data\train\train_0680.png,train,yes,yes,small,multiple_hotspots
train_0681.png,D:\Abiyelunwen\new_fire_vlm\data\train\train_0681.png,train,yes,yes,small,multiple_hotspots
train_0682.png,D:\Abiyelunwen\new_fire_vlm\data\train\train_0682.png,train,yes,yes,small,multiple_hotspots
train_0683.png,D:\Abiyelunwen\new_fire_vlm\data\train\train_0683.png,train,yes,yes,small,multiple_hotspots
train_0684.png,D:\Abiyelunwen\new_fire_vlm\data\train\train_0684.png,train,yes,yes,small,multiple_hotspots
train_0685.png,D:\Abiyelunwen\new_fire_vlm\data\train\train_0685.png,train,yes,yes,small,multiple_hotspots
train_0686.png,D:\Abiyelunwen\new_fire_vlm\data\train\train_0686.png,train,yes,yes,small,multiple_hotspots
train_0687.png,D:\Abiyelunwen\new_fire_vlm\data\train\train_0687.png,train,yes,yes,small,one_hotspot
train_0688.png,D:\Abiyelunwen\new_fire_vlm\data\train\train_0688.png,train,no,no,no_fire,no_fire
train_0689.png,D:\Abiyelunwen\new_fire_vlm\data\train\train_0689.png,train,no,no,no_fire,no_fire
train_0690.png,D:\Abiyelunwen\new_fire_vlm\data\train\train_0690.png,train,yes,yes,small,multiple_hotspots
train_0691.png,D:\Abiyelunwen\new_fire_vlm\data\train\train_0691.png,train,yes,yes,small,multiple_hotspots
train_0692.png,D:\Abiyelunwen\new_fire_vlm\data\train\train_0692.png,train,yes,yes,large,multiple_hotspots
train_0693.png,D:\Abiyelunwen\new_fire_vlm\data\train\train_0693.png,train,yes,yes,large,multiple_hotspots
train_0694.png,D:\Abiyelunwen\new_fire_vlm\data\train\train_0694.png,train,yes,yes,large,multiple_hotspots
train_0695.png,D:\Abiyelunwen\new_fire_vlm\data\train\train_0695.png,train,yes,yes,large,multiple_hotspots
train_0696.png,D:\Abiyelunwen\new_fire_vlm\data\train\train_0696.png,train,yes,yes,large,multiple_hotspots
train_0697.png,D:\Abiyelunwen\new_fire_vlm\data\train\train_0697.png,train,yes,yes,large,multiple_hotspots
train_0698.png,D:\Abiyelunwen\new_fire_vlm\data\train\train_0698.png,train,yes,yes,large,multiple_hotspots
train_0699.png,D:\Abiyelunwen\new_fire_vlm\data\train\train_0699.png,train,yes,yes,large,multiple_hotspots
train_0700.png,D:\Abiyelunwen\new_fire_vlm\data\train\train_0700.png,train,yes,yes,large,multiple_hotspots
train_0701.png,D:\Abiyelunwen\new_fire_vlm\data\train\train_0701.png,train,yes,yes,large,multiple_hotspots
train_0702.png,D:\Abiyelunwen\new_fire_vlm\data\train\train_0702.png,train,yes,yes,large,multiple_hotspots
train_0703.png,D:\Abiyelunwen\new_fire_vlm\data\train\train_0703.png,train,yes,yes,large,multiple_hotspots
train_0704.png,D:\Abiyelunwen\new_fire_vlm\data\train\train_0704.png,train,yes,yes,large,multiple_hotspots
train_0705.png,D:\Abiyelunwen\new_fire_vlm\data\train\train_0705.png,train,yes,yes,large,multiple_hotspots
train_0706.png,D:\Abiyelunwen\new_fire_vlm\data\train\train_0706.png,train,yes,yes,large,multiple_hotspots
train_0707.png,D:\Abiyelunwen\new_fire_vlm\data\train\train_0707.png,train,yes,yes,large,multiple_hotspots
train_0708.png,D:\Abiyelunwen\new_fire_vlm\data\train\train_0708.png,train,yes,yes,large,multiple_hotspots
train_0709.png,D:\Abiyelunwen\new_fire_vlm\data\train\train_0709.png,train,yes,yes,large,multiple_hotspots
train_0710.png,D:\Abiyelunwen\new_fire_vlm\data\train\train_0710.png,train,yes,yes,large,multiple_hotspots
train_0711.png,D:\Abiyelunwen\new_fire_vlm\data\train\train_0711.png,train,yes,no,small,multiple_hotspots
train_0712.png,D:\Abiyelunwen\new_fire_vlm\data\train\train_0712.png,train,yes,no,small,multiple_hotspots
train_0713.png,D:\Abiyelunwen\new_fire_vlm\data\train\train_0713.png,train,yes,no,small,multiple_hotspots
train_0714.png,D:\Abiyelunwen\new_fire_vlm\data\train\train_0714.png,train,yes,no,small,multiple_hotspots
train_0715.png,D:\Abiyelunwen\new_fire_vlm\data\train\train_0715.png,train,yes,no,small,multiple_hotspots
train_0716.png,D:\Abiyelunwen\new_fire_vlm\data\train\train_0716.png,train,yes,no,small,multiple_hotspots
train_0717.png,D:\Abiyelunwen\new_fire_vlm\data\train\train_0717.png,train,yes,no,small,multiple_hotspots
train_0718.png,D:\Abiyelunwen\new_fire_vlm\data\train\train_0718.png,train,yes,no,small,multiple_hotspots
train_0719.png,D:\Abiyelunwen\new_fire_vlm\data\train\train_0719.png,train,yes,yes,small,multiple_hotspots
train_0720.png,D:\Abiyelunwen\new_fire_vlm\data\train\train_0720.png,train,yes,yes,small,multiple_hotspots
train_0721.png,D:\Abiyelunwen\new_fire_vlm\data\train\train_0721.png,train,yes,yes,small,multiple_hotspots
train_0722.png,D:\Abiyelunwen\new_fire_vlm\data\train\train_0722.png,train,yes,no,small,multiple_hotspots
train_0723.png,D:\Abiyelunwen\new_fire_vlm\data\train\train_0723.png,train,yes,no,small,one_hotspot
train_0724.png,D:\Abiyelunwen\new_fire_vlm\data\train\train_0724.png,train,yes,no,small,one_hotspot
train_0725.png,D:\Abiyelunwen\new_fire_vlm\data\train\train_0725.png,train,yes,no,small,one_hotspot
train_0726.png,D:\Abiyelunwen\new_fire_vlm\data\train\train_0726.png,train,yes,no,small,one_hotspot
train_0727.png,D:\Abiyelunwen\new_fire_vlm\data\train\train_0727.png,train,yes,yes,small,multiple_hotspots
train_0728.png,D:\Abiyelunwen\new_fire_vlm\data\train\train_0728.png,train,yes,yes,large,multiple_hotspots
train_0729.png,D:\Abiyelunwen\new_fire_vlm\data\train\train_0729.png,train,yes,yes,large,multiple_hotspots
train_0730.png,D:\Abiyelunwen\new_fire_vlm\data\train\train_0730.png,train,yes,yes,large,multiple_hotspots
train_0731.png,D:\Abiyelunwen\new_fire_vlm\data\train\train_0731.png,train,yes,yes,large,multiple_hotspots
train_0732.png,D:\Abiyelunwen\new_fire_vlm\data\train\train_0732.png,train,yes,yes,large,multiple_hotspots
train_0733.png,D:\Abiyelunwen\new_fire_vlm\data\train\train_0733.png,train,yes,yes,large,multiple_hotspots
train_0734.png,D:\Abiyelunwen\new_fire_vlm\data\train\train_0734.png,train,yes,yes,large,multiple_hotspots
train_0735.png,D:\Abiyelunwen\new_fire_vlm\data\train\train_0735.png,train,yes,yes,large,multiple_hotspots
train_0736.png,D:\Abiyelunwen\new_fire_vlm\data\train\train_0736.png,train,yes,yes,large,multiple_hotspots
train_0737.png,D:\Abiyelunwen\new_fire_vlm\data\train\train_0737.png,train,yes,yes,large,multiple_hotspots
train_0738.png,D:\Abiyelunwen\new_fire_vlm\data\train\train_0738.png,train,yes,yes,large,multiple_hotspots
train_0739.png,D:\Abiyelunwen\new_fire_vlm\data\train\train_0739.png,train,yes,yes,large,multiple_hotspots
train_0740.png,D:\Abiyelunwen\new_fire_vlm\data\train\train_0740.png,train,yes,yes,large,one_hotspot
train_0741.png,D:\Abiyelunwen\new_fire_vlm\data\train\train_0741.png,train,yes,yes,large,one_hotspot
train_0742.png,D:\Abiyelunwen\new_fire_vlm\data\train\train_0742.png,train,yes,yes,large,one_hotspot
train_0743.png,D:\Abiyelunwen\new_fire_vlm\data\train\train_0743.png,train,yes,yes,large,one_hotspot
train_0744.png,D:\Abiyelunwen\new_fire_vlm\data\train\train_0744.png,train,yes,yes,large,one_hotspot
train_0745.png,D:\Abiyelunwen\new_fire_vlm\data\train\train_0745.png,train,yes,yes,large,one_hotspot
train_0746.png,D:\Abiyelunwen\new_fire_vlm\data\train\train_0746.png,train,yes,yes,large,one_hotspot
train_0747.png,D:\Abiyelunwen\new_fire_vlm\data\train\train_0747.png,train,yes,yes,large,one_hotspot
train_0748.png,D:\Abiyelunwen\new_fire_vlm\data\train\train_0748.png,train,yes,yes,large,one_hotspot
train_0749.png,D:\Abiyelunwen\new_fire_vlm\data\train\train_0749.png,train,yes,yes,large,one_hotspot
train_0750.png,D:\Abiyelunwen\new_fire_vlm\data\train\train_0750.png,train,yes,yes,large,multiple_hotspots
train_0751.png,D:\Abiyelunwen\new_fire_vlm\data\train\train_0751.png,train,yes,yes,large,multiple_hotspots
train_0752.png,D:\Abiyelunwen\new_fire_vlm\data\train\train_0752.png,train,yes,yes,large,multiple_hotspots
train_0753.png,D:\Abiyelunwen\new_fire_vlm\data\train\train_0753.png,train,yes,yes,large,multiple_hotspots
train_0754.png,D:\Abiyelunwen\new_fire_vlm\data\train\train_0754.png,train,yes,yes,large,multiple_hotspots
train_0755.png,D:\Abiyelunwen\new_fire_vlm\data\train\train_0755.png,train,yes,yes,large,multiple_hotspots
train_0756.png,D:\Abiyelunwen\new_fire_vlm\data\train\train_0756.png,train,yes,yes,large,one_hotspot
train_0757.png,D:\Abiyelunwen\new_fire_vlm\data\train\train_0757.png,train,yes,yes,large,one_hotspot
train_0758.png,D:\Abiyelunwen\new_fire_vlm\data\train\train_0758.png,train,yes,yes,large,one_hotspot
train_0759.png,D:\Abiyelunwen\new_fire_vlm\data\train\train_0759.png,train,yes,yes,large,one_hotspot
train_0760.png,D:\Abiyelunwen\new_fire_vlm\data\train\train_0760.png,train,yes,yes,large,one_hotspot
train_0761.png,D:\Abiyelunwen\new_fire_vlm\data\train\train_0761.png,train,yes,yes,large,one_hotspot
train_0762.png,D:\Abiyelunwen\new_fire_vlm\data\train\train_0762.png,train,yes,yes,large,one_hotspot
train_0763.png,D:\Abiyelunwen\new_fire_vlm\data\train\train_0763.png,train,yes,yes,large,one_hotspot
train_0764.png,D:\Abiyelunwen\new_fire_vlm\data\train\train_0764.png,train,yes,yes,large,one_hotspot
train_0765.png,D:\Abiyelunwen\new_fire_vlm\data\train\train_0765.png,train,yes,yes,large,one_hotspot
train_0766.png,D:\Abiyelunwen\new_fire_vlm\data\train\train_0766.png,train,yes,yes,large,one_hotspot
train_0767.png,D:\Abiyelunwen\new_fire_vlm\data\train\train_0767.png,train,yes,yes,large,one_hotspot
train_0768.png,D:\Abiyelunwen\new_fire_vlm\data\train\train_0768.png,train,yes,yes,large,one_hotspot
train_0769.png,D:\Abiyelunwen\new_fire_vlm\data\train\train_0769.png,train,yes,yes,large,one_hotspot
train_0770.png,D:\Abiyelunwen\new_fire_vlm\data\train\train_0770.png,train,yes,yes,large,one_hotspot
train_0771.png,D:\Abiyelunwen\new_fire_vlm\data\train\train_0771.png,train,yes,yes,large,one_hotspot
train_0772.png,D:\Abiyelunwen\new_fire_vlm\data\train\train_0772.png,train,yes,yes,large,one_hotspot
train_0773.png,D:\Abiyelunwen\new_fire_vlm\data\train\train_0773.png,train,yes,yes,large,one_hotspot
train_0774.png,D:\Abiyelunwen\new_fire_vlm\data\train\train_0774.png,train,yes,yes,large,one_hotspot
train_0775.png,D:\Abiyelunwen\new_fire_vlm\data\train\train_0775.png,train,yes,yes,large,one_hotspot
train_0776.png,D:\Abiyelunwen\new_fire_vlm\data\train\train_0776.png,train,yes,yes,large,one_hotspot
train_0777.png,D:\Abiyelunwen\new_fire_vlm\data\train\train_0777.png,train,yes,yes,large,one_hotspot
train_0778.png,D:\Abiyelunwen\new_fire_vlm\data\train\train_0778.png,train,yes,yes,large,one_hotspot
train_0779.png,D:\Abiyelunwen\new_fire_vlm\data\train\train_0779.png,train,yes,yes,large,one_hotspot
train_0780.png,D:\Abiyelunwen\new_fire_vlm\data\train\train_0780.png,train,yes,yes,large,one_hotspot
train_0781.png,D:\Abiyelunwen\new_fire_vlm\data\train\train_0781.png,train,yes,yes,large,one_hotspot
train_0782.png,D:\Abiyelunwen\new_fire_vlm\data\train\train_0782.png,train,yes,yes,large,one_hotspot
train_0783.png,D:\Abiyelunwen\new_fire_vlm\data\train\train_0783.png,train,yes,yes,large,one_hotspot
train_0784.png,D:\Abiyelunwen\new_fire_vlm\data\train\train_0784.png,train,yes,yes,large,one_hotspot
train_0785.png,D:\Abiyelunwen\new_fire_vlm\data\train\train_0785.png,train,yes,yes,large,one_hotspot
train_0786.png,D:\Abiyelunwen\new_fire_vlm\data\train\train_0786.png,train,yes,yes,large,one_hotspot
train_0787.png,D:\Abiyelunwen\new_fire_vlm\data\train\train_0787.png,train,yes,yes,large,one_hotspot
train_0788.png,D:\Abiyelunwen\new_fire_vlm\data\train\train_0788.png,train,yes,yes,large,multiple_hotspots
train_0789.png,D:\Abiyelunwen\new_fire_vlm\data\train\train_0789.png,train,yes,yes,large,multiple_hotspots
train_0790.png,D:\Abiyelunwen\new_fire_vlm\data\train\train_0790.png,train,yes,yes,large,multiple_hotspots
train_0791.png,D:\Abiyelunwen\new_fire_vlm\data\train\train_0791.png,train,yes,yes,large,multiple_hotspots
train_0792.png,D:\Abiyelunwen\new_fire_vlm\data\train\train_0792.png,train,yes,yes,large,multiple_hotspots
train_0793.png,D:\Abiyelunwen\new_fire_vlm\data\train\train_0793.png,train,yes,yes,large,multiple_hotspots
train_0794.png,D:\Abiyelunwen\new_fire_vlm\data\train\train_0794.png,train,yes,yes,large,multiple_hotspots
train_0795.png,D:\Abiyelunwen\new_fire_vlm\data\train\train_0795.png,train,yes,yes,large,multiple_hotspots
train_0796.png,D:\Abiyelunwen\new_fire_vlm\data\train\train_0796.png,train,yes,yes,large,multiple_hotspots
train_0797.png,D:\Abiyelunwen\new_fire_vlm\data\train\train_0797.png,train,yes,yes,large,multiple_hotspots
train_0798.png,D:\Abiyelunwen\new_fire_vlm\data\train\train_0798.png,train,yes,yes,large,multiple_hotspots
train_0799.png,D:\Abiyelunwen\new_fire_vlm\data\train\train_0799.png,train,yes,yes,large,multiple_hotspots
train_0800.png,D:\Abiyelunwen\new_fire_vlm\data\train\train_0800.png,train,yes,yes,large,multiple_hotspots
train_0801.png,D:\Abiyelunwen\new_fire_vlm\data\train\train_0801.png,train,yes,yes,large,multiple_hotspots
train_0802.png,D:\Abiyelunwen\new_fire_vlm\data\train\train_0802.png,train,yes,yes,large,multiple_hotspots
train_0803.png,D:\Abiyelunwen\new_fire_vlm\data\train\train_0803.png,train,yes,yes,large,multiple_hotspots
train_0804.png,D:\Abiyelunwen\new_fire_vlm\data\train\train_0804.png,train,yes,yes,large,multiple_hotspots
train_0805.png,D:\Abiyelunwen\new_fire_vlm\data\train\train_0805.png,train,yes,yes,large,multiple_hotspots
train_0806.png,D:\Abiyelunwen\new_fire_vlm\data\train\train_0806.png,train,yes,yes,large,multiple_hotspots
train_0807.png,D:\Abiyelunwen\new_fire_vlm\data\train\train_0807.png,train,yes,yes,large,multiple_hotspots
train_0808.png,D:\Abiyelunwen\new_fire_vlm\data\train\train_0808.png,train,yes,yes,large,multiple_hotspots
train_0809.png,D:\Abiyelunwen\new_fire_vlm\data\train\train_0809.png,train,yes,yes,large,multiple_hotspots
train_0810.png,D:\Abiyelunwen\new_fire_vlm\data\train\train_0810.png,train,yes,yes,large,multiple_hotspots
train_0811.png,D:\Abiyelunwen\new_fire_vlm\data\train\train_0811.png,train,yes,yes,large,multiple_hotspots
train_0812.png,D:\Abiyelunwen\new_fire_vlm\data\train\train_0812.png,train,yes,yes,large,multiple_hotspots
train_0813.png,D:\Abiyelunwen\new_fire_vlm\data\train\train_0813.png,train,yes,yes,large,multiple_hotspots
train_0814.png,D:\Abiyelunwen\new_fire_vlm\data\train\train_0814.png,train,yes,yes,large,multiple_hotspots
train_0815.png,D:\Abiyelunwen\new_fire_vlm\data\train\train_0815.png,train,yes,yes,large,multiple_hotspots
train_0816.png,D:\Abiyelunwen\new_fire_vlm\data\train\train_0816.png,train,yes,yes,large,multiple_hotspots
train_0817.png,D:\Abiyelunwen\new_fire_vlm\data\train\train_0817.png,train,yes,yes,large,multiple_hotspots
train_0818.png,D:\Abiyelunwen\new_fire_vlm\data\train\train_0818.png,train,yes,yes,large,multiple_hotspots
train_0819.png,D:\Abiyelunwen\new_fire_vlm\data\train\train_0819.png,train,yes,yes,large,multiple_hotspots
train_0820.png,D:\Abiyelunwen\new_fire_vlm\data\train\train_0820.png,train,yes,yes,large,multiple_hotspots
train_0821.png,D:\Abiyelunwen\new_fire_vlm\data\train\train_0821.png,train,yes,yes,large,multiple_hotspots
train_0822.png,D:\Abiyelunwen\new_fire_vlm\data\train\train_0822.png,train,yes,yes,large,multiple_hotspots
train_0823.png,D:\Abiyelunwen\new_fire_vlm\data\train\train_0823.png,train,yes,yes,large,multiple_hotspots
train_0824.png,D:\Abiyelunwen\new_fire_vlm\data\train\train_0824.png,train,yes,yes,large,multiple_hotspots
train_0825.png,D:\Abiyelunwen\new_fire_vlm\data\train\train_0825.png,train,yes,yes,large,one_hotspot
train_0826.png,D:\Abiyelunwen\new_fire_vlm\data\train\train_0826.png,train,yes,yes,large,one_hotspot
train_0827.png,D:\Abiyelunwen\new_fire_vlm\data\train\train_0827.png,train,yes,yes,large,one_hotspot
train_0828.png,D:\Abiyelunwen\new_fire_vlm\data\train\train_0828.png,train,yes,yes,large,one_hotspot
train_0829.png,D:\Abiyelunwen\new_fire_vlm\data\train\train_0829.png,train,yes,yes,large,one_hotspot
train_0830.png,D:\Abiyelunwen\new_fire_vlm\data\train\train_0830.png,train,yes,yes,large,one_hotspot
train_0831.png,D:\Abiyelunwen\new_fire_vlm\data\train\train_0831.png,train,yes,yes,large,one_hotspot
train_0832.png,D:\Abiyelunwen\new_fire_vlm\data\train\train_0832.png,train,yes,yes,large,one_hotspot
train_0833.png,D:\Abiyelunwen\new_fire_vlm\data\train\train_0833.png,train,yes,yes,large,one_hotspot
train_0834.png,D:\Abiyelunwen\new_fire_vlm\data\train\train_0834.png,train,yes,yes,large,one_hotspot
train_0835.png,D:\Abiyelunwen\new_fire_vlm\data\train\train_0835.png,train,yes,yes,large,one_hotspot
train_0836.png,D:\Abiyelunwen\new_fire_vlm\data\train\train_0836.png,train,yes,yes,large,one_hotspot
train_0837.png,D:\Abiyelunwen\new_fire_vlm\data\train\train_0837.png,train,yes,yes,large,one_hotspot
train_0838.png,D:\Abiyelunwen\new_fire_vlm\data\train\train_0838.png,train,yes,yes,large,one_hotspot
train_0839.png,D:\Abiyelunwen\new_fire_vlm\data\train\train_0839.png,train,yes,yes,large,one_hotspot
train_0840.png,D:\Abiyelunwen\new_fire_vlm\data\train\train_0840.png,train,yes,yes,large,multiple_hotspots
train_0841.png,D:\Abiyelunwen\new_fire_vlm\data\train\train_0841.png,train,yes,yes,large,multiple_hotspots
train_0842.png,D:\Abiyelunwen\new_fire_vlm\data\train\train_0842.png,train,yes,yes,large,multiple_hotspots
train_0843.png,D:\Abiyelunwen\new_fire_vlm\data\train\train_0843.png,train,yes,yes,large,multiple_hotspots
train_0844.png,D:\Abiyelunwen\new_fire_vlm\data\train\train_0844.png,train,yes,yes,small,one_hotspot
train_0845.png,D:\Abiyelunwen\new_fire_vlm\data\train\train_0845.png,train,yes,yes,small,one_hotspot
train_0846.png,D:\Abiyelunwen\new_fire_vlm\data\train\train_0846.png,train,yes,yes,small,one_hotspot
train_0847.png,D:\Abiyelunwen\new_fire_vlm\data\train\train_0847.png,train,yes,yes,small,one_hotspot
train_0848.png,D:\Abiyelunwen\new_fire_vlm\data\train\train_0848.png,train,yes,yes,small,one_hotspot
train_0849.png,D:\Abiyelunwen\new_fire_vlm\data\train\train_0849.png,train,yes,yes,large,multiple_hotspots
train_0850.png,D:\Abiyelunwen\new_fire_vlm\data\train\train_0850.png,train,yes,yes,large,multiple_hotspots
train_0851.png,D:\Abiyelunwen\new_fire_vlm\data\train\train_0851.png,train,yes,yes,large,multiple_hotspots
train_0852.png,D:\Abiyelunwen\new_fire_vlm\data\train\train_0852.png,train,yes,yes,large,multiple_hotspots
train_0853.png,D:\Abiyelunwen\new_fire_vlm\data\train\train_0853.png,train,yes,yes,large,multiple_hotspots
train_0854.png,D:\Abiyelunwen\new_fire_vlm\data\train\train_0854.png,train,yes,yes,large,multiple_hotspots
train_0855.png,D:\Abiyelunwen\new_fire_vlm\data\train\train_0855.png,train,yes,yes,large,multiple_hotspots
train_0856.png,D:\Abiyelunwen\new_fire_vlm\data\train\train_0856.png,train,yes,yes,large,multiple_hotspots
train_0857.png,D:\Abiyelunwen\new_fire_vlm\data\train\train_0857.png,train,yes,yes,large,multiple_hotspots
train_0858.png,D:\Abiyelunwen\new_fire_vlm\data\train\train_0858.png,train,yes,yes,large,multiple_hotspots
train_0859.png,D:\Abiyelunwen\new_fire_vlm\data\train\train_0859.png,train,yes,yes,large,multiple_hotspots
train_0860.png,D:\Abiyelunwen\new_fire_vlm\data\train\train_0860.png,train,yes,yes,large,multiple_hotspots
train_0861.png,D:\Abiyelunwen\new_fire_vlm\data\train\train_0861.png,train,yes,yes,large,multiple_hotspots
train_0862.png,D:\Abiyelunwen\new_fire_vlm\data\train\train_0862.png,train,yes,yes,large,multiple_hotspots
train_0863.png,D:\Abiyelunwen\new_fire_vlm\data\train\train_0863.png,train,yes,yes,large,multiple_hotspots
train_0864.png,D:\Abiyelunwen\new_fire_vlm\data\train\train_0864.png,train,yes,yes,large,multiple_hotspots
train_0865.png,D:\Abiyelunwen\new_fire_vlm\data\train\train_0865.png,train,yes,yes,large,one_hotspot
train_0866.png,D:\Abiyelunwen\new_fire_vlm\data\train\train_0866.png,train,yes,yes,large,multiple_hotspots
train_0867.png,D:\Abiyelunwen\new_fire_vlm\data\train\train_0867.png,train,yes,yes,large,multiple_hotspots
train_0868.png,D:\Abiyelunwen\new_fire_vlm\data\train\train_0868.png,train,yes,yes,large,multiple_hotspots
train_0869.png,D:\Abiyelunwen\new_fire_vlm\data\train\train_0869.png,train,yes,yes,large,multiple_hotspots
train_0870.png,D:\Abiyelunwen\new_fire_vlm\data\train\train_0870.png,train,yes,yes,large,multiple_hotspots
train_0871.png,D:\Abiyelunwen\new_fire_vlm\data\train\train_0871.png,train,yes,yes,small,one_hotspot
train_0872.png,D:\Abiyelunwen\new_fire_vlm\data\train\train_0872.png,train,yes,yes,small,one_hotspot
train_0873.png,D:\Abiyelunwen\new_fire_vlm\data\train\train_0873.png,train,yes,yes,large,one_hotspot
train_0874.png,D:\Abiyelunwen\new_fire_vlm\data\train\train_0874.png,train,yes,yes,large,one_hotspot
train_0875.png,D:\Abiyelunwen\new_fire_vlm\data\train\train_0875.png,train,yes,yes,small,one_hotspot
train_0876.png,D:\Abiyelunwen\new_fire_vlm\data\train\train_0876.png,train,yes,yes,small,one_hotspot
train_0877.png,D:\Abiyelunwen\new_fire_vlm\data\train\train_0877.png,train,yes,yes,small,one_hotspot
train_0878.png,D:\Abiyelunwen\new_fire_vlm\data\train\train_0878.png,train,yes,yes,small,one_hotspot
train_0879.png,D:\Abiyelunwen\new_fire_vlm\data\train\train_0879.png,train,yes,yes,small,one_hotspot
train_0880.png,D:\Abiyelunwen\new_fire_vlm\data\train\train_0880.png,train,yes,yes,small,one_hotspot
train_0881.png,D:\Abiyelunwen\new_fire_vlm\data\train\train_0881.png,train,yes,yes,small,one_hotspot
train_0882.png,D:\Abiyelunwen\new_fire_vlm\data\train\train_0882.png,train,yes,yes,large,multiple_hotspots
train_0883.png,D:\Abiyelunwen\new_fire_vlm\data\train\train_0883.png,train,yes,yes,large,multiple_hotspots
train_0884.png,D:\Abiyelunwen\new_fire_vlm\data\train\train_0884.png,train,yes,yes,large,multiple_hotspots
train_0885.png,D:\Abiyelunwen\new_fire_vlm\data\train\train_0885.png,train,yes,yes,small,one_hotspot
train_0886.png,D:\Abiyelunwen\new_fire_vlm\data\train\train_0886.png,train,yes,yes,small,one_hotspot
train_0887.png,D:\Abiyelunwen\new_fire_vlm\data\train\train_0887.png,train,yes,yes,small,one_hotspot
train_0888.png,D:\Abiyelunwen\new_fire_vlm\data\train\train_0888.png,train,yes,yes,small,one_hotspot
train_0889.png,D:\Abiyelunwen\new_fire_vlm\data\train\train_0889.png,train,no,yes,cannot_determine,cannot_determine
train_0890.png,D:\Abiyelunwen\new_fire_vlm\data\train\train_0890.png,train,yes,yes,large,one_hotspot
train_0891.png,D:\Abiyelunwen\new_fire_vlm\data\train\train_0891.png,train,yes,yes,large,one_hotspot
train_0892.png,D:\Abiyelunwen\new_fire_vlm\data\train\train_0892.png,train,yes,yes,small,multiple_hotspots
train_0893.png,D:\Abiyelunwen\new_fire_vlm\data\train\train_0893.png,train,yes,yes,small,multiple_hotspots
train_0894.png,D:\Abiyelunwen\new_fire_vlm\data\train\train_0894.png,train,yes,yes,small,multiple_hotspots
train_0895.png,D:\Abiyelunwen\new_fire_vlm\data\train\train_0895.png,train,yes,yes,large,multiple_hotspots
train_0896.png,D:\Abiyelunwen\new_fire_vlm\data\train\train_0896.png,train,yes,yes,large,multiple_hotspots
train_0897.png,D:\Abiyelunwen\new_fire_vlm\data\train\train_0897.png,train,yes,yes,large,multiple_hotspots
train_0898.png,D:\Abiyelunwen\new_fire_vlm\data\train\train_0898.png,train,yes,yes,large,multiple_hotspots
train_0899.png,D:\Abiyelunwen\new_fire_vlm\data\train\train_0899.png,train,yes,yes,large,multiple_hotspots
train_0900.png,D:\Abiyelunwen\new_fire_vlm\data\train\train_0900.png,train,yes,yes,large,multiple_hotspots
train_0901.png,D:\Abiyelunwen\new_fire_vlm\data\train\train_0901.png,train,yes,yes,large,multiple_hotspots
train_0902.png,D:\Abiyelunwen\new_fire_vlm\data\train\train_0902.png,train,yes,yes,large,multiple_hotspots
train_0903.png,D:\Abiyelunwen\new_fire_vlm\data\train\train_0903.png,train,yes,yes,large,multiple_hotspots
train_0904.png,D:\Abiyelunwen\new_fire_vlm\data\train\train_0904.png,train,yes,yes,large,multiple_hotspots
train_0905.png,D:\Abiyelunwen\new_fire_vlm\data\train\train_0905.png,train,yes,yes,large,multiple_hotspots
train_0906.png,D:\Abiyelunwen\new_fire_vlm\data\train\train_0906.png,train,yes,yes,large,multiple_hotspots
train_0907.png,D:\Abiyelunwen\new_fire_vlm\data\train\train_0907.png,train,yes,yes,large,multiple_hotspots
train_0908.png,D:\Abiyelunwen\new_fire_vlm\data\train\train_0908.png,train,yes,yes,large,multiple_hotspots
train_0909.png,D:\Abiyelunwen\new_fire_vlm\data\train\train_0909.png,train,yes,yes,large,multiple_hotspots
train_0910.png,D:\Abiyelunwen\new_fire_vlm\data\train\train_0910.png,train,yes,yes,large,multiple_hotspots
train_0911.png,D:\Abiyelunwen\new_fire_vlm\data\train\train_0911.png,train,yes,yes,large,multiple_hotspots
train_0912.png,D:\Abiyelunwen\new_fire_vlm\data\train\train_0912.png,train,yes,yes,large,multiple_hotspots
train_0913.png,D:\Abiyelunwen\new_fire_vlm\data\train\train_0913.png,train,yes,yes,large,multiple_hotspots
train_0914.png,D:\Abiyelunwen\new_fire_vlm\data\train\train_0914.png,train,yes,yes,large,multiple_hotspots
train_0915.png,D:\Abiyelunwen\new_fire_vlm\data\train\train_0915.png,train,yes,yes,large,multiple_hotspots
train_0916.png,D:\Abiyelunwen\new_fire_vlm\data\train\train_0916.png,train,yes,yes,large,one_hotspot
train_0917.png,D:\Abiyelunwen\new_fire_vlm\data\train\train_0917.png,train,yes,yes,large,one_hotspot
train_0918.png,D:\Abiyelunwen\new_fire_vlm\data\train\train_0918.png,train,yes,yes,large,one_hotspot
train_0919.png,D:\Abiyelunwen\new_fire_vlm\data\train\train_0919.png,train,yes,yes,large,one_hotspot
train_0920.png,D:\Abiyelunwen\new_fire_vlm\data\train\train_0920.png,train,yes,yes,large,one_hotspot
train_0921.png,D:\Abiyelunwen\new_fire_vlm\data\train\train_0921.png,train,yes,yes,large,one_hotspot
train_0922.png,D:\Abiyelunwen\new_fire_vlm\data\train\train_0922.png,train,yes,yes,large,one_hotspot
train_0923.png,D:\Abiyelunwen\new_fire_vlm\data\train\train_0923.png,train,yes,yes,large,multiple_hotspots
train_0924.png,D:\Abiyelunwen\new_fire_vlm\data\train\train_0924.png,train,yes,yes,large,multiple_hotspots
train_0925.png,D:\Abiyelunwen\new_fire_vlm\data\train\train_0925.png,train,yes,yes,large,multiple_hotspots
train_0926.png,D:\Abiyelunwen\new_fire_vlm\data\train\train_0926.png,train,yes,yes,large,multiple_hotspots
train_0927.png,D:\Abiyelunwen\new_fire_vlm\data\train\train_0927.png,train,yes,yes,large,multiple_hotspots
train_0928.png,D:\Abiyelunwen\new_fire_vlm\data\train\train_0928.png,train,yes,yes,large,multiple_hotspots
train_0929.png,D:\Abiyelunwen\new_fire_vlm\data\train\train_0929.png,train,yes,yes,large,multiple_hotspots
train_0930.png,D:\Abiyelunwen\new_fire_vlm\data\train\train_0930.png,train,yes,yes,large,multiple_hotspots
train_0931.png,D:\Abiyelunwen\new_fire_vlm\data\train\train_0931.png,train,yes,yes,large,multiple_hotspots
train_0932.png,D:\Abiyelunwen\new_fire_vlm\data\train\train_0932.png,train,yes,yes,large,multiple_hotspots
train_0933.png,D:\Abiyelunwen\new_fire_vlm\data\train\train_0933.png,train,yes,yes,large,multiple_hotspots
train_0934.png,D:\Abiyelunwen\new_fire_vlm\data\train\train_0934.png,train,yes,yes,large,multiple_hotspots
train_0935.png,D:\Abiyelunwen\new_fire_vlm\data\train\train_0935.png,train,yes,yes,large,multiple_hotspots
train_0936.png,D:\Abiyelunwen\new_fire_vlm\data\train\train_0936.png,train,yes,yes,large,multiple_hotspots
train_0937.png,D:\Abiyelunwen\new_fire_vlm\data\train\train_0937.png,train,yes,yes,large,multiple_hotspots
train_0938.png,D:\Abiyelunwen\new_fire_vlm\data\train\train_0938.png,train,yes,yes,large,multiple_hotspots
train_0939.png,D:\Abiyelunwen\new_fire_vlm\data\train\train_0939.png,train,yes,yes,small,one_hotspot
train_0940.png,D:\Abiyelunwen\new_fire_vlm\data\train\train_0940.png,train,yes,yes,small,multiple_hotspots
train_0941.png,D:\Abiyelunwen\new_fire_vlm\data\train\train_0941.png,train,yes,yes,small,multiple_hotspots
train_0942.png,D:\Abiyelunwen\new_fire_vlm\data\train\train_0942.png,train,yes,yes,small,multiple_hotspots
train_0943.png,D:\Abiyelunwen\new_fire_vlm\data\train\train_0943.png,train,yes,yes,small,one_hotspot
train_0944.png,D:\Abiyelunwen\new_fire_vlm\data\train\train_0944.png,train,yes,yes,large,one_hotspot
train_0945.png,D:\Abiyelunwen\new_fire_vlm\data\train\train_0945.png,train,yes,yes,large,one_hotspot
train_0946.png,D:\Abiyelunwen\new_fire_vlm\data\train\train_0946.png,train,yes,yes,large,one_hotspot
train_0947.png,D:\Abiyelunwen\new_fire_vlm\data\train\train_0947.png,train,yes,yes,large,one_hotspot
train_0948.png,D:\Abiyelunwen\new_fire_vlm\data\train\train_0948.png,train,yes,yes,large,one_hotspot
train_0949.png,D:\Abiyelunwen\new_fire_vlm\data\train\train_0949.png,train,yes,yes,large,one_hotspot
train_0950.png,D:\Abiyelunwen\new_fire_vlm\data\train\train_0950.png,train,yes,yes,large,one_hotspot
train_0951.png,D:\Abiyelunwen\new_fire_vlm\data\train\train_0951.png,train,yes,yes,large,one_hotspot
train_0952.png,D:\Abiyelunwen\new_fire_vlm\data\train\train_0952.png,train,yes,yes,large,one_hotspot
train_0953.png,D:\Abiyelunwen\new_fire_vlm\data\train\train_0953.png,train,yes,yes,large,one_hotspot
train_0954.png,D:\Abiyelunwen\new_fire_vlm\data\train\train_0954.png,train,yes,yes,large,one_hotspot
train_0955.png,D:\Abiyelunwen\new_fire_vlm\data\train\train_0955.png,train,yes,yes,large,one_hotspot
train_0956.png,D:\Abiyelunwen\new_fire_vlm\data\train\train_0956.png,train,yes,yes,large,multiple_hotspots
train_0957.png,D:\Abiyelunwen\new_fire_vlm\data\train\train_0957.png,train,yes,yes,large,multiple_hotspots
train_0958.png,D:\Abiyelunwen\new_fire_vlm\data\train\train_0958.png,train,yes,yes,large,multiple_hotspots
train_0959.png,D:\Abiyelunwen\new_fire_vlm\data\train\train_0959.png,train,yes,yes,large,multiple_hotspots
train_0960.png,D:\Abiyelunwen\new_fire_vlm\data\train\train_0960.png,train,yes,yes,large,multiple_hotspots
train_0961.png,D:\Abiyelunwen\new_fire_vlm\data\train\train_0961.png,train,yes,yes,large,multiple_hotspots
train_0962.png,D:\Abiyelunwen\new_fire_vlm\data\train\train_0962.png,train,yes,yes,large,multiple_hotspots
train_0963.png,D:\Abiyelunwen\new_fire_vlm\data\train\train_0963.png,train,yes,yes,large,multiple_hotspots
train_0964.png,D:\Abiyelunwen\new_fire_vlm\data\train\train_0964.png,train,yes,yes,large,multiple_hotspots
train_0965.png,D:\Abiyelunwen\new_fire_vlm\data\train\train_0965.png,train,yes,yes,large,multiple_hotspots
train_0966.png,D:\Abiyelunwen\new_fire_vlm\data\train\train_0966.png,train,yes,yes,large,multiple_hotspots
train_0967.png,D:\Abiyelunwen\new_fire_vlm\data\train\train_0967.png,train,yes,yes,large,multiple_hotspots
train_0968.png,D:\Abiyelunwen\new_fire_vlm\data\train\train_0968.png,train,yes,yes,large,multiple_hotspots
train_0969.png,D:\Abiyelunwen\new_fire_vlm\data\train\train_0969.png,train,yes,yes,large,multiple_hotspots
train_0970.png,D:\Abiyelunwen\new_fire_vlm\data\train\train_0970.png,train,yes,yes,large,one_hotspot
train_0971.png,D:\Abiyelunwen\new_fire_vlm\data\train\train_0971.png,train,no,yes,cannot_determine,cannot_determine
train_0972.png,D:\Abiyelunwen\new_fire_vlm\data\train\train_0972.png,train,no,yes,cannot_determine,cannot_determine
train_0973.png,D:\Abiyelunwen\new_fire_vlm\data\train\train_0973.png,train,yes,yes,large,one_hotspot
train_0974.png,D:\Abiyelunwen\new_fire_vlm\data\train\train_0974.png,train,yes,yes,large,one_hotspot
train_0975.png,D:\Abiyelunwen\new_fire_vlm\data\train\train_0975.png,train,yes,yes,large,one_hotspot
train_0976.png,D:\Abiyelunwen\new_fire_vlm\data\train\train_0976.png,train,yes,yes,large,one_hotspot
train_0977.png,D:\Abiyelunwen\new_fire_vlm\data\train\train_0977.png,train,yes,yes,large,one_hotspot
train_0978.png,D:\Abiyelunwen\new_fire_vlm\data\train\train_0978.png,train,yes,yes,small,multiple_hotspots
train_0979.png,D:\Abiyelunwen\new_fire_vlm\data\train\train_0979.png,train,yes,yes,small,multiple_hotspots
train_0980.png,D:\Abiyelunwen\new_fire_vlm\data\train\train_0980.png,train,yes,yes,small,one_hotspot
train_0981.png,D:\Abiyelunwen\new_fire_vlm\data\train\train_0981.png,train,no,yes,cannot_determine,cannot_determine
train_0982.png,D:\Abiyelunwen\new_fire_vlm\data\train\train_0982.png,train,no,yes,cannot_determine,cannot_determine
train_0983.png,D:\Abiyelunwen\new_fire_vlm\data\train\train_0983.png,train,no,no,no_fire,no_fire
train_0984.png,D:\Abiyelunwen\new_fire_vlm\data\train\train_0984.png,train,yes,yes,large,multiple_hotspots
train_0985.png,D:\Abiyelunwen\new_fire_vlm\data\train\train_0985.png,train,yes,yes,large,multiple_hotspots
train_0986.png,D:\Abiyelunwen\new_fire_vlm\data\train\train_0986.png,train,yes,yes,large,multiple_hotspots
train_0987.png,D:\Abiyelunwen\new_fire_vlm\data\train\train_0987.png,train,yes,yes,small,one_hotspot
train_0988.png,D:\Abiyelunwen\new_fire_vlm\data\train\train_0988.png,train,yes,yes,small,one_hotspot
train_0989.png,D:\Abiyelunwen\new_fire_vlm\data\train\train_0989.png,train,yes,yes,small,one_hotspot
train_0990.png,D:\Abiyelunwen\new_fire_vlm\data\train\train_0990.png,train,yes,yes,small,one_hotspot
train_0991.png,D:\Abiyelunwen\new_fire_vlm\data\train\train_0991.png,train,yes,yes,small,one_hotspot
train_0992.png,D:\Abiyelunwen\new_fire_vlm\data\train\train_0992.png,train,yes,yes,small,one_hotspot
train_0993.png,D:\Abiyelunwen\new_fire_vlm\data\train\train_0993.png,train,yes,yes,small,one_hotspot
train_0994.png,D:\Abiyelunwen\new_fire_vlm\data\train\train_0994.png,train,yes,yes,small,one_hotspot
train_0995.png,D:\Abiyelunwen\new_fire_vlm\data\train\train_0995.png,train,yes,yes,small,one_hotspot
train_0996.png,D:\Abiyelunwen\new_fire_vlm\data\train\train_0996.png,train,yes,yes,small,one_hotspot
train_0997.png,D:\Abiyelunwen\new_fire_vlm\data\train\train_0997.png,train,yes,yes,small,one_hotspot
train_0998.png,D:\Abiyelunwen\new_fire_vlm\data\train\train_0998.png,train,yes,yes,small,one_hotspot
train_0999.png,D:\Abiyelunwen\new_fire_vlm\data\train\train_0999.png,train,yes,yes,small,one_hotspot
train_1000.png,D:\Abiyelunwen\new_fire_vlm\data\train\train_1000.png,train,yes,yes,small,one_hotspot
val_0001.png,D:\Abiyelunwen\new_fire_vlm\data\val\val_0001.png,val,no,no,no_fire,no_fire
val_0002.png,D:\Abiyelunwen\new_fire_vlm\data\val\val_0002.png,val,no,no,no_fire,no_fire
val_0003.png,D:\Abiyelunwen\new_fire_vlm\data\val\val_0003.png,val,no,no,no_fire,no_fire
val_0004.png,D:\Abiyelunwen\new_fire_vlm\data\val\val_0004.png,val,no,no,no_fire,no_fire
val_0005.png,D:\Abiyelunwen\new_fire_vlm\data\val\val_0005.png,val,no,no,no_fire,no_fire
val_0006.png,D:\Abiyelunwen\new_fire_vlm\data\val\val_0006.png,val,no,no,no_fire,no_fire
val_0007.png,D:\Abiyelunwen\new_fire_vlm\data\val\val_0007.png,val,no,no,no_fire,no_fire
val_0008.png,D:\Abiyelunwen\new_fire_vlm\data\val\val_0008.png,val,no,no,no_fire,no_fire
val_0009.png,D:\Abiyelunwen\new_fire_vlm\data\val\val_0009.png,val,no,no,no_fire,no_fire
val_0010.png,D:\Abiyelunwen\new_fire_vlm\data\val\val_0010.png,val,no,no,no_fire,no_fire
val_0011.png,D:\Abiyelunwen\new_fire_vlm\data\val\val_0011.png,val,no,no,no_fire,no_fire
val_0012.png,D:\Abiyelunwen\new_fire_vlm\data\val\val_0012.png,val,no,no,no_fire,no_fire
val_0013.png,D:\Abiyelunwen\new_fire_vlm\data\val\val_0013.png,val,no,no,no_fire,no_fire
val_0014.png,D:\Abiyelunwen\new_fire_vlm\data\val\val_0014.png,val,no,no,no_fire,no_fire
val_0015.png,D:\Abiyelunwen\new_fire_vlm\data\val\val_0015.png,val,no,no,no_fire,no_fire
val_0016.png,D:\Abiyelunwen\new_fire_vlm\data\val\val_0016.png,val,no,no,no_fire,no_fire
val_0017.png,D:\Abiyelunwen\new_fire_vlm\data\val\val_0017.png,val,no,no,no_fire,no_fire
val_0018.png,D:\Abiyelunwen\new_fire_vlm\data\val\val_0018.png,val,no,no,no_fire,no_fire
val_0019.png,D:\Abiyelunwen\new_fire_vlm\data\val\val_0019.png,val,no,no,no_fire,no_fire
val_0020.png,D:\Abiyelunwen\new_fire_vlm\data\val\val_0020.png,val,no,no,no_fire,no_fire
val_0021.png,D:\Abiyelunwen\new_fire_vlm\data\val\val_0021.png,val,no,no,no_fire,no_fire
val_0022.png,D:\Abiyelunwen\new_fire_vlm\data\val\val_0022.png,val,no,no,no_fire,no_fire
val_0023.png,D:\Abiyelunwen\new_fire_vlm\data\val\val_0023.png,val,no,no,no_fire,no_fire
val_0024.png,D:\Abiyelunwen\new_fire_vlm\data\val\val_0024.png,val,no,no,no_fire,no_fire
val_0025.png,D:\Abiyelunwen\new_fire_vlm\data\val\val_0025.png,val,no,no,no_fire,no_fire
val_0026.png,D:\Abiyelunwen\new_fire_vlm\data\val\val_0026.png,val,no,no,no_fire,no_fire
val_0027.png,D:\Abiyelunwen\new_fire_vlm\data\val\val_0027.png,val,no,no,no_fire,no_fire
val_0028.png,D:\Abiyelunwen\new_fire_vlm\data\val\val_0028.png,val,no,no,no_fire,no_fire
val_0029.png,D:\Abiyelunwen\new_fire_vlm\data\val\val_0029.png,val,no,no,no_fire,no_fire
val_0030.png,D:\Abiyelunwen\new_fire_vlm\data\val\val_0030.png,val,no,no,no_fire,no_fire
val_0031.png,D:\Abiyelunwen\new_fire_vlm\data\val\val_0031.png,val,no,no,no_fire,no_fire
val_0032.png,D:\Abiyelunwen\new_fire_vlm\data\val\val_0032.png,val,no,no,no_fire,no_fire
val_0033.png,D:\Abiyelunwen\new_fire_vlm\data\val\val_0033.png,val,no,no,no_fire,no_fire
val_0034.png,D:\Abiyelunwen\new_fire_vlm\data\val\val_0034.png,val,no,no,no_fire,no_fire
val_0035.png,D:\Abiyelunwen\new_fire_vlm\data\val\val_0035.png,val,no,no,no_fire,no_fire
val_0036.png,D:\Abiyelunwen\new_fire_vlm\data\val\val_0036.png,val,no,no,no_fire,no_fire
val_0037.png,D:\Abiyelunwen\new_fire_vlm\data\val\val_0037.png,val,no,no,no_fire,no_fire
val_0038.png,D:\Abiyelunwen\new_fire_vlm\data\val\val_0038.png,val,no,no,no_fire,no_fire
val_0039.png,D:\Abiyelunwen\new_fire_vlm\data\val\val_0039.png,val,no,no,no_fire,no_fire
val_0040.png,D:\Abiyelunwen\new_fire_vlm\data\val\val_0040.png,val,no,no,no_fire,no_fire
val_0041.png,D:\Abiyelunwen\new_fire_vlm\data\val\val_0041.png,val,no,no,no_fire,no_fire
val_0042.png,D:\Abiyelunwen\new_fire_vlm\data\val\val_0042.png,val,no,no,no_fire,no_fire
val_0043.png,D:\Abiyelunwen\new_fire_vlm\data\val\val_0043.png,val,no,no,no_fire,no_fire
val_0044.png,D:\Abiyelunwen\new_fire_vlm\data\val\val_0044.png,val,no,no,no_fire,no_fire
val_0045.png,D:\Abiyelunwen\new_fire_vlm\data\val\val_0045.png,val,no,no,no_fire,no_fire
val_0046.png,D:\Abiyelunwen\new_fire_vlm\data\val\val_0046.png,val,no,no,no_fire,no_fire
val_0047.png,D:\Abiyelunwen\new_fire_vlm\data\val\val_0047.png,val,no,no,no_fire,no_fire
val_0048.png,D:\Abiyelunwen\new_fire_vlm\data\val\val_0048.png,val,no,no,no_fire,no_fire
val_0049.png,D:\Abiyelunwen\new_fire_vlm\data\val\val_0049.png,val,no,no,no_fire,no_fire
val_0050.png,D:\Abiyelunwen\new_fire_vlm\data\val\val_0050.png,val,no,no,no_fire,no_fire
val_0051.png,D:\Abiyelunwen\new_fire_vlm\data\val\val_0051.png,val,no,no,no_fire,no_fire
val_0052.png,D:\Abiyelunwen\new_fire_vlm\data\val\val_0052.png,val,no,no,no_fire,no_fire
val_0053.png,D:\Abiyelunwen\new_fire_vlm\data\val\val_0053.png,val,no,no,no_fire,no_fire
val_0054.png,D:\Abiyelunwen\new_fire_vlm\data\val\val_0054.png,val,no,no,no_fire,no_fire
val_0055.png,D:\Abiyelunwen\new_fire_vlm\data\val\val_0055.png,val,no,no,no_fire,no_fire
val_0056.png,D:\Abiyelunwen\new_fire_vlm\data\val\val_0056.png,val,no,no,no_fire,no_fire
val_0057.png,D:\Abiyelunwen\new_fire_vlm\data\val\val_0057.png,val,no,no,no_fire,no_fire
val_0058.png,D:\Abiyelunwen\new_fire_vlm\data\val\val_0058.png,val,no,no,no_fire,no_fire
val_0059.png,D:\Abiyelunwen\new_fire_vlm\data\val\val_0059.png,val,no,no,no_fire,no_fire
val_0060.png,D:\Abiyelunwen\new_fire_vlm\data\val\val_0060.png,val,no,no,no_fire,no_fire
val_0061.png,D:\Abiyelunwen\new_fire_vlm\data\val\val_0061.png,val,no,no,no_fire,no_fire
val_0062.png,D:\Abiyelunwen\new_fire_vlm\data\val\val_0062.png,val,no,no,no_fire,no_fire
val_0063.png,D:\Abiyelunwen\new_fire_vlm\data\val\val_0063.png,val,no,no,no_fire,no_fire
val_0064.png,D:\Abiyelunwen\new_fire_vlm\data\val\val_0064.png,val,no,no,no_fire,no_fire
val_0065.png,D:\Abiyelunwen\new_fire_vlm\data\val\val_0065.png,val,no,no,no_fire,no_fire
val_0066.png,D:\Abiyelunwen\new_fire_vlm\data\val\val_0066.png,val,no,no,no_fire,no_fire
val_0067.png,D:\Abiyelunwen\new_fire_vlm\data\val\val_0067.png,val,no,no,no_fire,no_fire
val_0068.png,D:\Abiyelunwen\new_fire_vlm\data\val\val_0068.png,val,no,no,no_fire,no_fire
val_0069.png,D:\Abiyelunwen\new_fire_vlm\data\val\val_0069.png,val,no,no,no_fire,no_fire
val_0070.png,D:\Abiyelunwen\new_fire_vlm\data\val\val_0070.png,val,no,no,no_fire,no_fire
val_0071.png,D:\Abiyelunwen\new_fire_vlm\data\val\val_0071.png,val,no,no,no_fire,no_fire
val_0072.png,D:\Abiyelunwen\new_fire_vlm\data\val\val_0072.png,val,no,no,no_fire,no_fire
val_0073.png,D:\Abiyelunwen\new_fire_vlm\data\val\val_0073.png,val,no,no,no_fire,no_fire
val_0074.png,D:\Abiyelunwen\new_fire_vlm\data\val\val_0074.png,val,no,no,no_fire,no_fire
val_0075.png,D:\Abiyelunwen\new_fire_vlm\data\val\val_0075.png,val,no,no,no_fire,no_fire
val_0076.png,D:\Abiyelunwen\new_fire_vlm\data\val\val_0076.png,val,no,no,no_fire,no_fire
val_0077.png,D:\Abiyelunwen\new_fire_vlm\data\val\val_0077.png,val,no,no,no_fire,no_fire
val_0078.png,D:\Abiyelunwen\new_fire_vlm\data\val\val_0078.png,val,no,no,no_fire,no_fire
val_0079.png,D:\Abiyelunwen\new_fire_vlm\data\val\val_0079.png,val,no,no,no_fire,no_fire
val_0080.png,D:\Abiyelunwen\new_fire_vlm\data\val\val_0080.png,val,no,no,no_fire,no_fire
val_0081.png,D:\Abiyelunwen\new_fire_vlm\data\val\val_0081.png,val,yes,yes,large,multiple_hotspots
val_0082.png,D:\Abiyelunwen\new_fire_vlm\data\val\val_0082.png,val,yes,yes,large,multiple_hotspots
val_0083.png,D:\Abiyelunwen\new_fire_vlm\data\val\val_0083.png,val,yes,yes,large,multiple_hotspots
val_0084.png,D:\Abiyelunwen\new_fire_vlm\data\val\val_0084.png,val,yes,yes,large,multiple_hotspots
val_0085.png,D:\Abiyelunwen\new_fire_vlm\data\val\val_0085.png,val,yes,yes,large,multiple_hotspots
val_0086.png,D:\Abiyelunwen\new_fire_vlm\data\val\val_0086.png,val,yes,yes,large,multiple_hotspots
val_0087.png,D:\Abiyelunwen\new_fire_vlm\data\val\val_0087.png,val,yes,yes,large,multiple_hotspots
val_0088.png,D:\Abiyelunwen\new_fire_vlm\data\val\val_0088.png,val,yes,yes,large,one_hotspot
val_0089.png,D:\Abiyelunwen\new_fire_vlm\data\val\val_0089.png,val,yes,yes,large,one_hotspot
val_0090.png,D:\Abiyelunwen\new_fire_vlm\data\val\val_0090.png,val,yes,yes,large,one_hotspot
val_0091.png,D:\Abiyelunwen\new_fire_vlm\data\val\val_0091.png,val,yes,yes,large,one_hotspot
val_0092.png,D:\Abiyelunwen\new_fire_vlm\data\val\val_0092.png,val,yes,yes,large,one_hotspot
val_0093.png,D:\Abiyelunwen\new_fire_vlm\data\val\val_0093.png,val,yes,yes,large,one_hotspot
val_0094.png,D:\Abiyelunwen\new_fire_vlm\data\val\val_0094.png,val,yes,yes,large,one_hotspot
val_0095.png,D:\Abiyelunwen\new_fire_vlm\data\val\val_0095.png,val,yes,yes,large,one_hotspot
val_0096.png,D:\Abiyelunwen\new_fire_vlm\data\val\val_0096.png,val,yes,yes,large,one_hotspot
val_0097.png,D:\Abiyelunwen\new_fire_vlm\data\val\val_0097.png,val,yes,yes,large,one_hotspot
val_0098.png,D:\Abiyelunwen\new_fire_vlm\data\val\val_0098.png,val,yes,yes,large,one_hotspot
val_0099.png,D:\Abiyelunwen\new_fire_vlm\data\val\val_0099.png,val,yes,yes,large,multiple_hotspots
val_0100.png,D:\Abiyelunwen\new_fire_vlm\data\val\val_0100.png,val,yes,yes,large,multiple_hotspots
val_0101.png,D:\Abiyelunwen\new_fire_vlm\data\val\val_0101.png,val,yes,yes,large,multiple_hotspots
val_0102.png,D:\Abiyelunwen\new_fire_vlm\data\val\val_0102.png,val,yes,yes,large,multiple_hotspots
val_0103.png,D:\Abiyelunwen\new_fire_vlm\data\val\val_0103.png,val,yes,yes,small,multiple_hotspots
val_0104.png,D:\Abiyelunwen\new_fire_vlm\data\val\val_0104.png,val,yes,yes,small,multiple_hotspots
val_0105.png,D:\Abiyelunwen\new_fire_vlm\data\val\val_0105.png,val,yes,yes,small,multiple_hotspots
val_0106.png,D:\Abiyelunwen\new_fire_vlm\data\val\val_0106.png,val,yes,yes,small,one_hotspot
val_0107.png,D:\Abiyelunwen\new_fire_vlm\data\val\val_0107.png,val,yes,yes,small,one_hotspot
val_0108.png,D:\Abiyelunwen\new_fire_vlm\data\val\val_0108.png,val,yes,yes,small,one_hotspot
val_0109.png,D:\Abiyelunwen\new_fire_vlm\data\val\val_0109.png,val,yes,yes,small,one_hotspot
val_0110.png,D:\Abiyelunwen\new_fire_vlm\data\val\val_0110.png,val,yes,yes,small,one_hotspot
val_0111.png,D:\Abiyelunwen\new_fire_vlm\data\val\val_0111.png,val,yes,yes,small,one_hotspot
val_0112.png,D:\Abiyelunwen\new_fire_vlm\data\val\val_0112.png,val,yes,yes,small,one_hotspot
val_0113.png,D:\Abiyelunwen\new_fire_vlm\data\val\val_0113.png,val,yes,yes,small,one_hotspot
val_0114.png,D:\Abiyelunwen\new_fire_vlm\data\val\val_0114.png,val,yes,yes,small,multiple_hotspots
val_0115.png,D:\Abiyelunwen\new_fire_vlm\data\val\val_0115.png,val,yes,yes,small,multiple_hotspots
val_0116.png,D:\Abiyelunwen\new_fire_vlm\data\val\val_0116.png,val,yes,yes,small,multiple_hotspots
val_0117.png,D:\Abiyelunwen\new_fire_vlm\data\val\val_0117.png,val,yes,yes,small,multiple_hotspots
val_0118.png,D:\Abiyelunwen\new_fire_vlm\data\val\val_0118.png,val,yes,yes,small,multiple_hotspots
val_0119.png,D:\Abiyelunwen\new_fire_vlm\data\val\val_0119.png,val,yes,yes,large,multiple_hotspots
val_0120.png,D:\Abiyelunwen\new_fire_vlm\data\val\val_0120.png,val,yes,yes,large,multiple_hotspots
val_0121.png,D:\Abiyelunwen\new_fire_vlm\data\val\val_0121.png,val,yes,yes,large,multiple_hotspots
val_0122.png,D:\Abiyelunwen\new_fire_vlm\data\val\val_0122.png,val,yes,yes,large,multiple_hotspots
val_0123.png,D:\Abiyelunwen\new_fire_vlm\data\val\val_0123.png,val,yes,yes,large,multiple_hotspots
val_0124.png,D:\Abiyelunwen\new_fire_vlm\data\val\val_0124.png,val,yes,yes,large,multiple_hotspots
val_0125.png,D:\Abiyelunwen\new_fire_vlm\data\val\val_0125.png,val,yes,yes,large,multiple_hotspots
val_0126.png,D:\Abiyelunwen\new_fire_vlm\data\val\val_0126.png,val,yes,yes,large,multiple_hotspots
val_0127.png,D:\Abiyelunwen\new_fire_vlm\data\val\val_0127.png,val,yes,yes,large,multiple_hotspots
val_0128.png,D:\Abiyelunwen\new_fire_vlm\data\val\val_0128.png,val,yes,yes,large,multiple_hotspots
val_0129.png,D:\Abiyelunwen\new_fire_vlm\data\val\val_0129.png,val,yes,yes,large,multiple_hotspots
val_0130.png,D:\Abiyelunwen\new_fire_vlm\data\val\val_0130.png,val,yes,yes,large,multiple_hotspots
val_0131.png,D:\Abiyelunwen\new_fire_vlm\data\val\val_0131.png,val,yes,yes,large,multiple_hotspots
val_0132.png,D:\Abiyelunwen\new_fire_vlm\data\val\val_0132.png,val,yes,yes,large,multiple_hotspots
val_0133.png,D:\Abiyelunwen\new_fire_vlm\data\val\val_0133.png,val,yes,yes,large,multiple_hotspots
val_0134.png,D:\Abiyelunwen\new_fire_vlm\data\val\val_0134.png,val,yes,yes,large,multiple_hotspots
val_0135.png,D:\Abiyelunwen\new_fire_vlm\data\val\val_0135.png,val,yes,yes,large,multiple_hotspots
val_0136.png,D:\Abiyelunwen\new_fire_vlm\data\val\val_0136.png,val,yes,yes,large,multiple_hotspots
val_0137.png,D:\Abiyelunwen\new_fire_vlm\data\val\val_0137.png,val,yes,yes,large,multiple_hotspots
val_0138.png,D:\Abiyelunwen\new_fire_vlm\data\val\val_0138.png,val,yes,yes,small,one_hotspot
val_0139.png,D:\Abiyelunwen\new_fire_vlm\data\val\val_0139.png,val,yes,yes,small,one_hotspot
val_0140.png,D:\Abiyelunwen\new_fire_vlm\data\val\val_0140.png,val,yes,yes,small,one_hotspot
val_0141.png,D:\Abiyelunwen\new_fire_vlm\data\val\val_0141.png,val,yes,yes,small,one_hotspot
val_0142.png,D:\Abiyelunwen\new_fire_vlm\data\val\val_0142.png,val,yes,yes,small,one_hotspot
val_0143.png,D:\Abiyelunwen\new_fire_vlm\data\val\val_0143.png,val,yes,yes,small,one_hotspot
val_0144.png,D:\Abiyelunwen\new_fire_vlm\data\val\val_0144.png,val,yes,yes,small,one_hotspot
val_0145.png,D:\Abiyelunwen\new_fire_vlm\data\val\val_0145.png,val,yes,yes,cannot_determine,cannot_determine
val_0146.png,D:\Abiyelunwen\new_fire_vlm\data\val\val_0146.png,val,yes,yes,cannot_determine,cannot_determine
val_0147.png,D:\Abiyelunwen\new_fire_vlm\data\val\val_0147.png,val,yes,yes,cannot_determine,cannot_determine
val_0148.png,D:\Abiyelunwen\new_fire_vlm\data\val\val_0148.png,val,yes,yes,small,one_hotspot
val_0149.png,D:\Abiyelunwen\new_fire_vlm\data\val\val_0149.png,val,yes,yes,small,one_hotspot
val_0150.png,D:\Abiyelunwen\new_fire_vlm\data\val\val_0150.png,val,yes,yes,small,one_hotspot
val_0151.png,D:\Abiyelunwen\new_fire_vlm\data\val\val_0151.png,val,yes,yes,small,one_hotspot
val_0152.png,D:\Abiyelunwen\new_fire_vlm\data\val\val_0152.png,val,yes,yes,large,one_hotspot
val_0153.png,D:\Abiyelunwen\new_fire_vlm\data\val\val_0153.png,val,yes,yes,large,one_hotspot
val_0154.png,D:\Abiyelunwen\new_fire_vlm\data\val\val_0154.png,val,yes,yes,large,one_hotspot
val_0155.png,D:\Abiyelunwen\new_fire_vlm\data\val\val_0155.png,val,yes,yes,large,one_hotspot
val_0156.png,D:\Abiyelunwen\new_fire_vlm\data\val\val_0156.png,val,yes,yes,small,one_hotspot
val_0157.png,D:\Abiyelunwen\new_fire_vlm\data\val\val_0157.png,val,yes,yes,small,one_hotspot
val_0158.png,D:\Abiyelunwen\new_fire_vlm\data\val\val_0158.png,val,yes,yes,small,one_hotspot
val_0159.png,D:\Abiyelunwen\new_fire_vlm\data\val\val_0159.png,val,yes,yes,small,one_hotspot
val_0160.png,D:\Abiyelunwen\new_fire_vlm\data\val\val_0160.png,val,yes,yes,small,one_hotspot
val_0161.png,D:\Abiyelunwen\new_fire_vlm\data\val\val_0161.png,val,yes,yes,large,one_hotspot
val_0162.png,D:\Abiyelunwen\new_fire_vlm\data\val\val_0162.png,val,yes,yes,large,one_hotspot
val_0163.png,D:\Abiyelunwen\new_fire_vlm\data\val\val_0163.png,val,yes,yes,large,one_hotspot
val_0164.png,D:\Abiyelunwen\new_fire_vlm\data\val\val_0164.png,val,yes,yes,large,one_hotspot
val_0165.png,D:\Abiyelunwen\new_fire_vlm\data\val\val_0165.png,val,yes,yes,large,one_hotspot
val_0166.png,D:\Abiyelunwen\new_fire_vlm\data\val\val_0166.png,val,yes,yes,large,one_hotspot
val_0167.png,D:\Abiyelunwen\new_fire_vlm\data\val\val_0167.png,val,yes,yes,large,one_hotspot
val_0168.png,D:\Abiyelunwen\new_fire_vlm\data\val\val_0168.png,val,yes,yes,large,one_hotspot
val_0169.png,D:\Abiyelunwen\new_fire_vlm\data\val\val_0169.png,val,yes,yes,large,multiple_hotspots
val_0170.png,D:\Abiyelunwen\new_fire_vlm\data\val\val_0170.png,val,yes,yes,large,multiple_hotspots
val_0171.png,D:\Abiyelunwen\new_fire_vlm\data\val\val_0171.png,val,yes,yes,large,multiple_hotspots
val_0172.png,D:\Abiyelunwen\new_fire_vlm\data\val\val_0172.png,val,yes,yes,large,multiple_hotspots
val_0173.png,D:\Abiyelunwen\new_fire_vlm\data\val\val_0173.png,val,yes,yes,large,multiple_hotspots
val_0174.png,D:\Abiyelunwen\new_fire_vlm\data\val\val_0174.png,val,yes,yes,large,multiple_hotspots
val_0175.png,D:\Abiyelunwen\new_fire_vlm\data\val\val_0175.png,val,yes,yes,large,multiple_hotspots
val_0176.png,D:\Abiyelunwen\new_fire_vlm\data\val\val_0176.png,val,yes,yes,large,multiple_hotspots
val_0177.png,D:\Abiyelunwen\new_fire_vlm\data\val\val_0177.png,val,yes,yes,large,multiple_hotspots
val_0178.png,D:\Abiyelunwen\new_fire_vlm\data\val\val_0178.png,val,yes,yes,large,multiple_hotspots
val_0179.png,D:\Abiyelunwen\new_fire_vlm\data\val\val_0179.png,val,yes,yes,large,multiple_hotspots
val_0180.png,D:\Abiyelunwen\new_fire_vlm\data\val\val_0180.png,val,yes,yes,large,multiple_hotspots
val_0181.png,D:\Abiyelunwen\new_fire_vlm\data\val\val_0181.png,val,yes,yes,large,multiple_hotspots
val_0182.png,D:\Abiyelunwen\new_fire_vlm\data\val\val_0182.png,val,yes,yes,large,multiple_hotspots
val_0183.png,D:\Abiyelunwen\new_fire_vlm\data\val\val_0183.png,val,yes,yes,large,multiple_hotspots
val_0184.png,D:\Abiyelunwen\new_fire_vlm\data\val\val_0184.png,val,yes,yes,large,multiple_hotspots
val_0185.png,D:\Abiyelunwen\new_fire_vlm\data\val\val_0185.png,val,yes,yes,large,multiple_hotspots
val_0186.png,D:\Abiyelunwen\new_fire_vlm\data\val\val_0186.png,val,yes,yes,large,multiple_hotspots
val_0187.png,D:\Abiyelunwen\new_fire_vlm\data\val\val_0187.png,val,yes,yes,large,multiple_hotspots
val_0188.png,D:\Abiyelunwen\new_fire_vlm\data\val\val_0188.png,val,yes,yes,small,multiple_hotspots
val_0189.png,D:\Abiyelunwen\new_fire_vlm\data\val\val_0189.png,val,yes,yes,small,multiple_hotspots
val_0190.png,D:\Abiyelunwen\new_fire_vlm\data\val\val_0190.png,val,yes,yes,large,multiple_hotspots
val_0191.png,D:\Abiyelunwen\new_fire_vlm\data\val\val_0191.png,val,yes,yes,large,multiple_hotspots
val_0192.png,D:\Abiyelunwen\new_fire_vlm\data\val\val_0192.png,val,yes,yes,large,one_hotspot
val_0193.png,D:\Abiyelunwen\new_fire_vlm\data\val\val_0193.png,val,yes,yes,large,one_hotspot
val_0194.png,D:\Abiyelunwen\new_fire_vlm\data\val\val_0194.png,val,yes,yes,large,one_hotspot
val_0195.png,D:\Abiyelunwen\new_fire_vlm\data\val\val_0195.png,val,yes,yes,large,one_hotspot
val_0196.png,D:\Abiyelunwen\new_fire_vlm\data\val\val_0196.png,val,yes,yes,large,one_hotspot
val_0197.png,D:\Abiyelunwen\new_fire_vlm\data\val\val_0197.png,val,yes,yes,large,one_hotspot
val_0198.png,D:\Abiyelunwen\new_fire_vlm\data\val\val_0198.png,val,yes,yes,large,one_hotspot
val_0199.png,D:\Abiyelunwen\new_fire_vlm\data\val\val_0199.png,val,yes,yes,small,one_hotspot
val_0200.png,D:\Abiyelunwen\new_fire_vlm\data\val\val_0200.png,val,yes,yes,large,multiple_hotspots
test_0001.png,D:\Abiyelunwen\new_fire_vlm\data\test\test_0001.png,test,no,no,no_fire,no_fire
test_0002.png,D:\Abiyelunwen\new_fire_vlm\data\test\test_0002.png,test,no,no,no_fire,no_fire
test_0003.png,D:\Abiyelunwen\new_fire_vlm\data\test\test_0003.png,test,no,no,no_fire,no_fire
test_0004.png,D:\Abiyelunwen\new_fire_vlm\data\test\test_0004.png,test,no,no,no_fire,no_fire
test_0005.png,D:\Abiyelunwen\new_fire_vlm\data\test\test_0005.png,test,no,no,no_fire,no_fire
test_0006.png,D:\Abiyelunwen\new_fire_vlm\data\test\test_0006.png,test,no,no,no_fire,no_fire
test_0007.png,D:\Abiyelunwen\new_fire_vlm\data\test\test_0007.png,test,no,no,no_fire,no_fire
test_0008.png,D:\Abiyelunwen\new_fire_vlm\data\test\test_0008.png,test,no,no,no_fire,no_fire
test_0009.png,D:\Abiyelunwen\new_fire_vlm\data\test\test_0009.png,test,no,no,no_fire,no_fire
test_0010.png,D:\Abiyelunwen\new_fire_vlm\data\test\test_0010.png,test,no,no,no_fire,no_fire
test_0011.png,D:\Abiyelunwen\new_fire_vlm\data\test\test_0011.png,test,no,no,no_fire,no_fire
test_0012.png,D:\Abiyelunwen\new_fire_vlm\data\test\test_0012.png,test,no,no,no_fire,no_fire
test_0013.png,D:\Abiyelunwen\new_fire_vlm\data\test\test_0013.png,test,no,no,no_fire,no_fire
test_0014.png,D:\Abiyelunwen\new_fire_vlm\data\test\test_0014.png,test,no,no,no_fire,no_fire
test_0015.png,D:\Abiyelunwen\new_fire_vlm\data\test\test_0015.png,test,no,no,no_fire,no_fire
test_0016.png,D:\Abiyelunwen\new_fire_vlm\data\test\test_0016.png,test,no,no,no_fire,no_fire
test_0017.png,D:\Abiyelunwen\new_fire_vlm\data\test\test_0017.png,test,no,no,no_fire,no_fire
test_0018.png,D:\Abiyelunwen\new_fire_vlm\data\test\test_0018.png,test,no,no,no_fire,no_fire
test_0019.png,D:\Abiyelunwen\new_fire_vlm\data\test\test_0019.png,test,no,no,no_fire,no_fire
test_0020.png,D:\Abiyelunwen\new_fire_vlm\data\test\test_0020.png,test,no,no,no_fire,no_fire
test_0021.png,D:\Abiyelunwen\new_fire_vlm\data\test\test_0021.png,test,no,no,no_fire,no_fire
test_0022.png,D:\Abiyelunwen\new_fire_vlm\data\test\test_0022.png,test,no,no,no_fire,no_fire
test_0023.png,D:\Abiyelunwen\new_fire_vlm\data\test\test_0023.png,test,no,no,no_fire,no_fire
test_0024.png,D:\Abiyelunwen\new_fire_vlm\data\test\test_0024.png,test,no,no,no_fire,no_fire
test_0025.png,D:\Abiyelunwen\new_fire_vlm\data\test\test_0025.png,test,no,no,no_fire,no_fire
test_0026.png,D:\Abiyelunwen\new_fire_vlm\data\test\test_0026.png,test,no,no,no_fire,no_fire
test_0027.png,D:\Abiyelunwen\new_fire_vlm\data\test\test_0027.png,test,no,no,no_fire,no_fire
test_0028.png,D:\Abiyelunwen\new_fire_vlm\data\test\test_0028.png,test,no,no,no_fire,no_fire
test_0029.png,D:\Abiyelunwen\new_fire_vlm\data\test\test_0029.png,test,no,no,no_fire,no_fire
test_0030.png,D:\Abiyelunwen\new_fire_vlm\data\test\test_0030.png,test,no,no,no_fire,no_fire
test_0031.png,D:\Abiyelunwen\new_fire_vlm\data\test\test_0031.png,test,no,no,no_fire,no_fire
test_0032.png,D:\Abiyelunwen\new_fire_vlm\data\test\test_0032.png,test,no,no,no_fire,no_fire
test_0033.png,D:\Abiyelunwen\new_fire_vlm\data\test\test_0033.png,test,no,no,no_fire,no_fire
test_0034.png,D:\Abiyelunwen\new_fire_vlm\data\test\test_0034.png,test,no,no,no_fire,no_fire
test_0035.png,D:\Abiyelunwen\new_fire_vlm\data\test\test_0035.png,test,no,no,no_fire,no_fire
test_0036.png,D:\Abiyelunwen\new_fire_vlm\data\test\test_0036.png,test,no,no,no_fire,no_fire
test_0037.png,D:\Abiyelunwen\new_fire_vlm\data\test\test_0037.png,test,no,no,no_fire,no_fire
test_0038.png,D:\Abiyelunwen\new_fire_vlm\data\test\test_0038.png,test,no,no,no_fire,no_fire
test_0039.png,D:\Abiyelunwen\new_fire_vlm\data\test\test_0039.png,test,no,no,no_fire,no_fire
test_0040.png,D:\Abiyelunwen\new_fire_vlm\data\test\test_0040.png,test,no,no,no_fire,no_fire
test_0041.png,D:\Abiyelunwen\new_fire_vlm\data\test\test_0041.png,test,no,no,no_fire,no_fire
test_0042.png,D:\Abiyelunwen\new_fire_vlm\data\test\test_0042.png,test,no,no,no_fire,no_fire
test_0043.png,D:\Abiyelunwen\new_fire_vlm\data\test\test_0043.png,test,no,no,no_fire,no_fire
test_0044.png,D:\Abiyelunwen\new_fire_vlm\data\test\test_0044.png,test,no,no,no_fire,no_fire
test_0045.png,D:\Abiyelunwen\new_fire_vlm\data\test\test_0045.png,test,no,no,no_fire,no_fire
test_0046.png,D:\Abiyelunwen\new_fire_vlm\data\test\test_0046.png,test,no,no,no_fire,no_fire
test_0047.png,D:\Abiyelunwen\new_fire_vlm\data\test\test_0047.png,test,no,no,no_fire,no_fire
test_0048.png,D:\Abiyelunwen\new_fire_vlm\data\test\test_0048.png,test,no,no,no_fire,no_fire
test_0049.png,D:\Abiyelunwen\new_fire_vlm\data\test\test_0049.png,test,no,no,no_fire,no_fire
test_0050.png,D:\Abiyelunwen\new_fire_vlm\data\test\test_0050.png,test,no,no,no_fire,no_fire
test_0051.png,D:\Abiyelunwen\new_fire_vlm\data\test\test_0051.png,test,no,no,no_fire,no_fire
test_0052.png,D:\Abiyelunwen\new_fire_vlm\data\test\test_0052.png,test,no,no,no_fire,no_fire
test_0053.png,D:\Abiyelunwen\new_fire_vlm\data\test\test_0053.png,test,no,no,no_fire,no_fire
test_0054.png,D:\Abiyelunwen\new_fire_vlm\data\test\test_0054.png,test,no,no,no_fire,no_fire
test_0055.png,D:\Abiyelunwen\new_fire_vlm\data\test\test_0055.png,test,no,no,no_fire,no_fire
test_0056.png,D:\Abiyelunwen\new_fire_vlm\data\test\test_0056.png,test,no,no,no_fire,no_fire
test_0057.png,D:\Abiyelunwen\new_fire_vlm\data\test\test_0057.png,test,no,no,no_fire,no_fire
test_0058.png,D:\Abiyelunwen\new_fire_vlm\data\test\test_0058.png,test,no,no,no_fire,no_fire
test_0059.png,D:\Abiyelunwen\new_fire_vlm\data\test\test_0059.png,test,no,no,no_fire,no_fire
test_0060.png,D:\Abiyelunwen\new_fire_vlm\data\test\test_0060.png,test,no,no,no_fire,no_fire
test_0061.png,D:\Abiyelunwen\new_fire_vlm\data\test\test_0061.png,test,no,no,no_fire,no_fire
test_0062.png,D:\Abiyelunwen\new_fire_vlm\data\test\test_0062.png,test,no,no,no_fire,no_fire
test_0063.png,D:\Abiyelunwen\new_fire_vlm\data\test\test_0063.png,test,no,no,no_fire,no_fire
test_0064.png,D:\Abiyelunwen\new_fire_vlm\data\test\test_0064.png,test,no,no,no_fire,no_fire
test_0065.png,D:\Abiyelunwen\new_fire_vlm\data\test\test_0065.png,test,no,no,no_fire,no_fire
test_0066.png,D:\Abiyelunwen\new_fire_vlm\data\test\test_0066.png,test,no,no,no_fire,no_fire
test_0067.png,D:\Abiyelunwen\new_fire_vlm\data\test\test_0067.png,test,no,no,no_fire,no_fire
test_0068.png,D:\Abiyelunwen\new_fire_vlm\data\test\test_0068.png,test,no,no,no_fire,no_fire
test_0069.png,D:\Abiyelunwen\new_fire_vlm\data\test\test_0069.png,test,no,no,no_fire,no_fire
test_0070.png,D:\Abiyelunwen\new_fire_vlm\data\test\test_0070.png,test,no,no,no_fire,no_fire
test_0071.png,D:\Abiyelunwen\new_fire_vlm\data\test\test_0071.png,test,no,no,no_fire,no_fire
test_0072.png,D:\Abiyelunwen\new_fire_vlm\data\test\test_0072.png,test,no,no,no_fire,no_fire
test_0073.png,D:\Abiyelunwen\new_fire_vlm\data\test\test_0073.png,test,no,no,no_fire,no_fire
test_0074.png,D:\Abiyelunwen\new_fire_vlm\data\test\test_0074.png,test,no,no,no_fire,no_fire
test_0075.png,D:\Abiyelunwen\new_fire_vlm\data\test\test_0075.png,test,no,no,no_fire,no_fire
test_0076.png,D:\Abiyelunwen\new_fire_vlm\data\test\test_0076.png,test,no,no,no_fire,no_fire
test_0077.png,D:\Abiyelunwen\new_fire_vlm\data\test\test_0077.png,test,no,no,no_fire,no_fire
test_0078.png,D:\Abiyelunwen\new_fire_vlm\data\test\test_0078.png,test,no,no,no_fire,no_fire
test_0079.png,D:\Abiyelunwen\new_fire_vlm\data\test\test_0079.png,test,no,no,no_fire,no_fire
test_0080.png,D:\Abiyelunwen\new_fire_vlm\data\test\test_0080.png,test,no,no,no_fire,no_fire
test_0081.png,D:\Abiyelunwen\new_fire_vlm\data\test\test_0081.png,test,no,no,no_fire,no_fire
test_0082.png,D:\Abiyelunwen\new_fire_vlm\data\test\test_0082.png,test,no,no,no_fire,no_fire
test_0083.png,D:\Abiyelunwen\new_fire_vlm\data\test\test_0083.png,test,no,no,no_fire,no_fire
test_0084.png,D:\Abiyelunwen\new_fire_vlm\data\test\test_0084.png,test,no,no,no_fire,no_fire
test_0085.png,D:\Abiyelunwen\new_fire_vlm\data\test\test_0085.png,test,no,no,no_fire,no_fire
test_0086.png,D:\Abiyelunwen\new_fire_vlm\data\test\test_0086.png,test,no,no,no_fire,no_fire
test_0087.png,D:\Abiyelunwen\new_fire_vlm\data\test\test_0087.png,test,no,no,no_fire,no_fire
test_0088.png,D:\Abiyelunwen\new_fire_vlm\data\test\test_0088.png,test,no,no,no_fire,no_fire
test_0089.png,D:\Abiyelunwen\new_fire_vlm\data\test\test_0089.png,test,no,no,no_fire,no_fire
test_0090.png,D:\Abiyelunwen\new_fire_vlm\data\test\test_0090.png,test,no,no,no_fire,no_fire
test_0091.png,D:\Abiyelunwen\new_fire_vlm\data\test\test_0091.png,test,no,no,no_fire,no_fire
test_0092.png,D:\Abiyelunwen\new_fire_vlm\data\test\test_0092.png,test,no,no,no_fire,no_fire
test_0093.png,D:\Abiyelunwen\new_fire_vlm\data\test\test_0093.png,test,no,no,no_fire,no_fire
test_0094.png,D:\Abiyelunwen\new_fire_vlm\data\test\test_0094.png,test,no,no,no_fire,no_fire
test_0095.png,D:\Abiyelunwen\new_fire_vlm\data\test\test_0095.png,test,no,no,no_fire,no_fire
test_0096.png,D:\Abiyelunwen\new_fire_vlm\data\test\test_0096.png,test,no,no,no_fire,no_fire
test_0097.png,D:\Abiyelunwen\new_fire_vlm\data\test\test_0097.png,test,no,no,no_fire,no_fire
test_0098.png,D:\Abiyelunwen\new_fire_vlm\data\test\test_0098.png,test,no,no,no_fire,no_fire
test_0099.png,D:\Abiyelunwen\new_fire_vlm\data\test\test_0099.png,test,no,no,no_fire,no_fire
test_0100.png,D:\Abiyelunwen\new_fire_vlm\data\test\test_0100.png,test,no,no,no_fire,no_fire
test_0101.png,D:\Abiyelunwen\new_fire_vlm\data\test\test_0101.png,test,no,no,no_fire,no_fire
test_0102.png,D:\Abiyelunwen\new_fire_vlm\data\test\test_0102.png,test,no,no,no_fire,no_fire
test_0103.png,D:\Abiyelunwen\new_fire_vlm\data\test\test_0103.png,test,no,no,no_fire,no_fire
test_0104.png,D:\Abiyelunwen\new_fire_vlm\data\test\test_0104.png,test,no,no,no_fire,no_fire
test_0105.png,D:\Abiyelunwen\new_fire_vlm\data\test\test_0105.png,test,no,no,no_fire,no_fire
test_0106.png,D:\Abiyelunwen\new_fire_vlm\data\test\test_0106.png,test,no,no,no_fire,no_fire
test_0107.png,D:\Abiyelunwen\new_fire_vlm\data\test\test_0107.png,test,no,no,no_fire,no_fire
test_0108.png,D:\Abiyelunwen\new_fire_vlm\data\test\test_0108.png,test,no,no,no_fire,no_fire
test_0109.png,D:\Abiyelunwen\new_fire_vlm\data\test\test_0109.png,test,no,no,no_fire,no_fire
test_0110.png,D:\Abiyelunwen\new_fire_vlm\data\test\test_0110.png,test,no,no,no_fire,no_fire
test_0111.png,D:\Abiyelunwen\new_fire_vlm\data\test\test_0111.png,test,no,no,no_fire,no_fire
test_0112.png,D:\Abiyelunwen\new_fire_vlm\data\test\test_0112.png,test,no,no,no_fire,no_fire
test_0113.png,D:\Abiyelunwen\new_fire_vlm\data\test\test_0113.png,test,no,no,no_fire,no_fire
test_0114.png,D:\Abiyelunwen\new_fire_vlm\data\test\test_0114.png,test,no,no,no_fire,no_fire
test_0115.png,D:\Abiyelunwen\new_fire_vlm\data\test\test_0115.png,test,no,no,no_fire,no_fire
test_0116.png,D:\Abiyelunwen\new_fire_vlm\data\test\test_0116.png,test,no,no,no_fire,no_fire
test_0117.png,D:\Abiyelunwen\new_fire_vlm\data\test\test_0117.png,test,no,no,no_fire,no_fire
test_0118.png,D:\Abiyelunwen\new_fire_vlm\data\test\test_0118.png,test,no,no,no_fire,no_fire
test_0119.png,D:\Abiyelunwen\new_fire_vlm\data\test\test_0119.png,test,no,no,no_fire,no_fire
test_0120.png,D:\Abiyelunwen\new_fire_vlm\data\test\test_0120.png,test,no,no,no_fire,no_fire
test_0121.png,D:\Abiyelunwen\new_fire_vlm\data\test\test_0121.png,test,yes,yes,small,multiple_hotspots
test_0122.png,D:\Abiyelunwen\new_fire_vlm\data\test\test_0122.png,test,yes,yes,small,multiple_hotspots
test_0123.png,D:\Abiyelunwen\new_fire_vlm\data\test\test_0123.png,test,yes,yes,small,multiple_hotspots
test_0124.png,D:\Abiyelunwen\new_fire_vlm\data\test\test_0124.png,test,yes,yes,small,multiple_hotspots
test_0125.png,D:\Abiyelunwen\new_fire_vlm\data\test\test_0125.png,test,yes,yes,large,multiple_hotspots
test_0126.png,D:\Abiyelunwen\new_fire_vlm\data\test\test_0126.png,test,yes,yes,large,multiple_hotspots
test_0127.png,D:\Abiyelunwen\new_fire_vlm\data\test\test_0127.png,test,yes,yes,large,multiple_hotspots
test_0128.png,D:\Abiyelunwen\new_fire_vlm\data\test\test_0128.png,test,yes,yes,large,multiple_hotspots
test_0129.png,D:\Abiyelunwen\new_fire_vlm\data\test\test_0129.png,test,yes,yes,large,multiple_hotspots
test_0130.png,D:\Abiyelunwen\new_fire_vlm\data\test\test_0130.png,test,yes,yes,large,multiple_hotspots
test_0131.png,D:\Abiyelunwen\new_fire_vlm\data\test\test_0131.png,test,yes,yes,large,multiple_hotspots
test_0132.png,D:\Abiyelunwen\new_fire_vlm\data\test\test_0132.png,test,yes,yes,large,one_hotspot
test_0133.png,D:\Abiyelunwen\new_fire_vlm\data\test\test_0133.png,test,yes,yes,large,one_hotspot
test_0134.png,D:\Abiyelunwen\new_fire_vlm\data\test\test_0134.png,test,yes,yes,large,one_hotspot
test_0135.png,D:\Abiyelunwen\new_fire_vlm\data\test\test_0135.png,test,yes,yes,large,one_hotspot
test_0136.png,D:\Abiyelunwen\new_fire_vlm\data\test\test_0136.png,test,yes,yes,large,one_hotspot
test_0137.png,D:\Abiyelunwen\new_fire_vlm\data\test\test_0137.png,test,yes,yes,large,one_hotspot
test_0138.png,D:\Abiyelunwen\new_fire_vlm\data\test\test_0138.png,test,yes,yes,small,multiple_hotspots
test_0139.png,D:\Abiyelunwen\new_fire_vlm\data\test\test_0139.png,test,yes,yes,small,multiple_hotspots
test_0140.png,D:\Abiyelunwen\new_fire_vlm\data\test\test_0140.png,test,yes,yes,small,multiple_hotspots
test_0141.png,D:\Abiyelunwen\new_fire_vlm\data\test\test_0141.png,test,yes,yes,small,multiple_hotspots
test_0142.png,D:\Abiyelunwen\new_fire_vlm\data\test\test_0142.png,test,yes,yes,small,multiple_hotspots
test_0143.png,D:\Abiyelunwen\new_fire_vlm\data\test\test_0143.png,test,yes,yes,small,multiple_hotspots
test_0144.png,D:\Abiyelunwen\new_fire_vlm\data\test\test_0144.png,test,yes,yes,small,multiple_hotspots
test_0145.png,D:\Abiyelunwen\new_fire_vlm\data\test\test_0145.png,test,yes,yes,small,multiple_hotspots
test_0146.png,D:\Abiyelunwen\new_fire_vlm\data\test\test_0146.png,test,yes,yes,small,multiple_hotspots
test_0147.png,D:\Abiyelunwen\new_fire_vlm\data\test\test_0147.png,test,yes,yes,small,multiple_hotspots
test_0148.png,D:\Abiyelunwen\new_fire_vlm\data\test\test_0148.png,test,yes,yes,small,multiple_hotspots
test_0149.png,D:\Abiyelunwen\new_fire_vlm\data\test\test_0149.png,test,yes,yes,small,multiple_hotspots
test_0150.png,D:\Abiyelunwen\new_fire_vlm\data\test\test_0150.png,test,yes,yes,small,multiple_hotspots
test_0151.png,D:\Abiyelunwen\new_fire_vlm\data\test\test_0151.png,test,yes,yes,small,multiple_hotspots
test_0152.png,D:\Abiyelunwen\new_fire_vlm\data\test\test_0152.png,test,yes,yes,small,multiple_hotspots
test_0153.png,D:\Abiyelunwen\new_fire_vlm\data\test\test_0153.png,test,yes,yes,small,multiple_hotspots
test_0154.png,D:\Abiyelunwen\new_fire_vlm\data\test\test_0154.png,test,yes,yes,small,multiple_hotspots
test_0155.png,D:\Abiyelunwen\new_fire_vlm\data\test\test_0155.png,test,yes,yes,large,multiple_hotspots
test_0156.png,D:\Abiyelunwen\new_fire_vlm\data\test\test_0156.png,test,yes,yes,large,multiple_hotspots
test_0157.png,D:\Abiyelunwen\new_fire_vlm\data\test\test_0157.png,test,yes,yes,large,multiple_hotspots
test_0158.png,D:\Abiyelunwen\new_fire_vlm\data\test\test_0158.png,test,yes,yes,large,multiple_hotspots
test_0159.png,D:\Abiyelunwen\new_fire_vlm\data\test\test_0159.png,test,yes,yes,small,multiple_hotspots
test_0160.png,D:\Abiyelunwen\new_fire_vlm\data\test\test_0160.png,test,yes,yes,small,multiple_hotspots
test_0161.png,D:\Abiyelunwen\new_fire_vlm\data\test\test_0161.png,test,yes,yes,small,multiple_hotspots
test_0162.png,D:\Abiyelunwen\new_fire_vlm\data\test\test_0162.png,test,yes,yes,small,multiple_hotspots
test_0163.png,D:\Abiyelunwen\new_fire_vlm\data\test\test_0163.png,test,yes,yes,small,multiple_hotspots
test_0164.png,D:\Abiyelunwen\new_fire_vlm\data\test\test_0164.png,test,yes,yes,small,multiple_hotspots
test_0165.png,D:\Abiyelunwen\new_fire_vlm\data\test\test_0165.png,test,yes,yes,small,multiple_hotspots
test_0166.png,D:\Abiyelunwen\new_fire_vlm\data\test\test_0166.png,test,yes,yes,small,multiple_hotspots
test_0167.png,D:\Abiyelunwen\new_fire_vlm\data\test\test_0167.png,test,yes,yes,small,multiple_hotspots
test_0168.png,D:\Abiyelunwen\new_fire_vlm\data\test\test_0168.png,test,yes,yes,small,multiple_hotspots
test_0169.png,D:\Abiyelunwen\new_fire_vlm\data\test\test_0169.png,test,yes,yes,small,multiple_hotspots
test_0170.png,D:\Abiyelunwen\new_fire_vlm\data\test\test_0170.png,test,yes,yes,small,multiple_hotspots
test_0171.png,D:\Abiyelunwen\new_fire_vlm\data\test\test_0171.png,test,yes,yes,small,multiple_hotspots
test_0172.png,D:\Abiyelunwen\new_fire_vlm\data\test\test_0172.png,test,yes,yes,small,multiple_hotspots
test_0173.png,D:\Abiyelunwen\new_fire_vlm\data\test\test_0173.png,test,yes,yes,small,multiple_hotspots
test_0174.png,D:\Abiyelunwen\new_fire_vlm\data\test\test_0174.png,test,yes,yes,small,one_hotspot
test_0175.png,D:\Abiyelunwen\new_fire_vlm\data\test\test_0175.png,test,yes,yes,small,one_hotspot
test_0176.png,D:\Abiyelunwen\new_fire_vlm\data\test\test_0176.png,test,yes,yes,small,one_hotspot
test_0177.png,D:\Abiyelunwen\new_fire_vlm\data\test\test_0177.png,test,yes,yes,small,one_hotspot
test_0178.png,D:\Abiyelunwen\new_fire_vlm\data\test\test_0178.png,test,yes,yes,small,one_hotspot
test_0179.png,D:\Abiyelunwen\new_fire_vlm\data\test\test_0179.png,test,yes,yes,small,one_hotspot
test_0180.png,D:\Abiyelunwen\new_fire_vlm\data\test\test_0180.png,test,yes,yes,small,one_hotspot
test_0181.png,D:\Abiyelunwen\new_fire_vlm\data\test\test_0181.png,test,yes,yes,large,one_hotspot
test_0182.png,D:\Abiyelunwen\new_fire_vlm\data\test\test_0182.png,test,yes,yes,large,one_hotspot
test_0183.png,D:\Abiyelunwen\new_fire_vlm\data\test\test_0183.png,test,yes,yes,small,one_hotspot
test_0184.png,D:\Abiyelunwen\new_fire_vlm\data\test\test_0184.png,test,yes,yes,small,one_hotspot
test_0185.png,D:\Abiyelunwen\new_fire_vlm\data\test\test_0185.png,test,yes,yes,small,one_hotspot
test_0186.png,D:\Abiyelunwen\new_fire_vlm\data\test\test_0186.png,test,yes,yes,small,one_hotspot
test_0187.png,D:\Abiyelunwen\new_fire_vlm\data\test\test_0187.png,test,yes,yes,small,one_hotspot
test_0188.png,D:\Abiyelunwen\new_fire_vlm\data\test\test_0188.png,test,yes,yes,small,one_hotspot
test_0189.png,D:\Abiyelunwen\new_fire_vlm\data\test\test_0189.png,test,yes,yes,small,one_hotspot
test_0190.png,D:\Abiyelunwen\new_fire_vlm\data\test\test_0190.png,test,yes,yes,small,one_hotspot
test_0191.png,D:\Abiyelunwen\new_fire_vlm\data\test\test_0191.png,test,yes,yes,small,one_hotspot
test_0192.png,D:\Abiyelunwen\new_fire_vlm\data\test\test_0192.png,test,yes,yes,small,one_hotspot
test_0193.png,D:\Abiyelunwen\new_fire_vlm\data\test\test_0193.png,test,yes,yes,small,one_hotspot
test_0194.png,D:\Abiyelunwen\new_fire_vlm\data\test\test_0194.png,test,yes,yes,small,one_hotspot
test_0195.png,D:\Abiyelunwen\new_fire_vlm\data\test\test_0195.png,test,yes,yes,small,one_hotspot
test_0196.png,D:\Abiyelunwen\new_fire_vlm\data\test\test_0196.png,test,yes,yes,small,one_hotspot
test_0197.png,D:\Abiyelunwen\new_fire_vlm\data\test\test_0197.png,test,yes,yes,small,one_hotspot
test_0198.png,D:\Abiyelunwen\new_fire_vlm\data\test\test_0198.png,test,yes,yes,small,one_hotspot
test_0199.png,D:\Abiyelunwen\new_fire_vlm\data\test\test_0199.png,test,yes,yes,small,one_hotspot
test_0200.png,D:\Abiyelunwen\new_fire_vlm\data\test\test_0200.png,test,yes,yes,small,one_hotspot
test_0201.png,D:\Abiyelunwen\new_fire_vlm\data\test\test_0201.png,test,yes,yes,small,one_hotspot
test_0202.png,D:\Abiyelunwen\new_fire_vlm\data\test\test_0202.png,test,yes,yes,small,one_hotspot
test_0203.png,D:\Abiyelunwen\new_fire_vlm\data\test\test_0203.png,test,yes,yes,small,one_hotspot
test_0204.png,D:\Abiyelunwen\new_fire_vlm\data\test\test_0204.png,test,yes,yes,small,one_hotspot
test_0205.png,D:\Abiyelunwen\new_fire_vlm\data\test\test_0205.png,test,yes,yes,small,one_hotspot
test_0206.png,D:\Abiyelunwen\new_fire_vlm\data\test\test_0206.png,test,yes,yes,small,one_hotspot
test_0207.png,D:\Abiyelunwen\new_fire_vlm\data\test\test_0207.png,test,yes,yes,small,one_hotspot
test_0208.png,D:\Abiyelunwen\new_fire_vlm\data\test\test_0208.png,test,yes,yes,small,one_hotspot
test_0209.png,D:\Abiyelunwen\new_fire_vlm\data\test\test_0209.png,test,yes,yes,small,one_hotspot
test_0210.png,D:\Abiyelunwen\new_fire_vlm\data\test\test_0210.png,test,yes,yes,large,multiple_hotspots
test_0211.png,D:\Abiyelunwen\new_fire_vlm\data\test\test_0211.png,test,yes,yes,large,multiple_hotspots
test_0212.png,D:\Abiyelunwen\new_fire_vlm\data\test\test_0212.png,test,yes,yes,large,multiple_hotspots
test_0213.png,D:\Abiyelunwen\new_fire_vlm\data\test\test_0213.png,test,yes,yes,large,multiple_hotspots
test_0214.png,D:\Abiyelunwen\new_fire_vlm\data\test\test_0214.png,test,yes,yes,large,multiple_hotspots
test_0215.png,D:\Abiyelunwen\new_fire_vlm\data\test\test_0215.png,test,yes,yes,large,multiple_hotspots
test_0216.png,D:\Abiyelunwen\new_fire_vlm\data\test\test_0216.png,test,yes,yes,large,multiple_hotspots
test_0217.png,D:\Abiyelunwen\new_fire_vlm\data\test\test_0217.png,test,yes,yes,large,multiple_hotspots
test_0218.png,D:\Abiyelunwen\new_fire_vlm\data\test\test_0218.png,test,yes,yes,large,multiple_hotspots
test_0219.png,D:\Abiyelunwen\new_fire_vlm\data\test\test_0219.png,test,yes,yes,large,multiple_hotspots
test_0220.png,D:\Abiyelunwen\new_fire_vlm\data\test\test_0220.png,test,yes,yes,large,multiple_hotspots
test_0221.png,D:\Abiyelunwen\new_fire_vlm\data\test\test_0221.png,test,yes,yes,large,multiple_hotspots
test_0222.png,D:\Abiyelunwen\new_fire_vlm\data\test\test_0222.png,test,yes,yes,large,multiple_hotspots
test_0223.png,D:\Abiyelunwen\new_fire_vlm\data\test\test_0223.png,test,yes,yes,large,multiple_hotspots
test_0224.png,D:\Abiyelunwen\new_fire_vlm\data\test\test_0224.png,test,yes,yes,large,multiple_hotspots
test_0225.png,D:\Abiyelunwen\new_fire_vlm\data\test\test_0225.png,test,yes,yes,large,multiple_hotspots
test_0226.png,D:\Abiyelunwen\new_fire_vlm\data\test\test_0226.png,test,yes,yes,large,multiple_hotspots
test_0227.png,D:\Abiyelunwen\new_fire_vlm\data\test\test_0227.png,test,yes,yes,small,multiple_hotspots
test_0228.png,D:\Abiyelunwen\new_fire_vlm\data\test\test_0228.png,test,yes,yes,small,multiple_hotspots
test_0229.png,D:\Abiyelunwen\new_fire_vlm\data\test\test_0229.png,test,yes,yes,small,multiple_hotspots
test_0230.png,D:\Abiyelunwen\new_fire_vlm\data\test\test_0230.png,test,yes,yes,small,multiple_hotspots
test_0231.png,D:\Abiyelunwen\new_fire_vlm\data\test\test_0231.png,test,yes,yes,small,multiple_hotspots
test_0232.png,D:\Abiyelunwen\new_fire_vlm\data\test\test_0232.png,test,yes,yes,small,multiple_hotspots
test_0233.png,D:\Abiyelunwen\new_fire_vlm\data\test\test_0233.png,test,yes,yes,small,multiple_hotspots
test_0234.png,D:\Abiyelunwen\new_fire_vlm\data\test\test_0234.png,test,yes,yes,small,multiple_hotspots
test_0235.png,D:\Abiyelunwen\new_fire_vlm\data\test\test_0235.png,test,yes,yes,small,multiple_hotspots
test_0236.png,D:\Abiyelunwen\new_fire_vlm\data\test\test_0236.png,test,yes,yes,small,multiple_hotspots
test_0237.png,D:\Abiyelunwen\new_fire_vlm\data\test\test_0237.png,test,yes,yes,small,multiple_hotspots
test_0238.png,D:\Abiyelunwen\new_fire_vlm\data\test\test_0238.png,test,yes,yes,small,multiple_hotspots
test_0239.png,D:\Abiyelunwen\new_fire_vlm\data\test\test_0239.png,test,yes,yes,small,multiple_hotspots
test_0240.png,D:\Abiyelunwen\new_fire_vlm\data\test\test_0240.png,test,yes,yes,small,multiple_hotspots
test_0241.png,D:\Abiyelunwen\new_fire_vlm\data\test\test_0241.png,test,yes,yes,small,multiple_hotspots
test_0242.png,D:\Abiyelunwen\new_fire_vlm\data\test\test_0242.png,test,yes,yes,small,multiple_hotspots
test_0243.png,D:\Abiyelunwen\new_fire_vlm\data\test\test_0243.png,test,yes,yes,small,multiple_hotspots
test_0244.png,D:\Abiyelunwen\new_fire_vlm\data\test\test_0244.png,test,yes,yes,small,multiple_hotspots
test_0245.png,D:\Abiyelunwen\new_fire_vlm\data\test\test_0245.png,test,yes,yes,small,multiple_hotspots
test_0246.png,D:\Abiyelunwen\new_fire_vlm\data\test\test_0246.png,test,yes,yes,small,multiple_hotspots
test_0247.png,D:\Abiyelunwen\new_fire_vlm\data\test\test_0247.png,test,yes,yes,small,multiple_hotspots
test_0248.png,D:\Abiyelunwen\new_fire_vlm\data\test\test_0248.png,test,yes,yes,small,multiple_hotspots
test_0249.png,D:\Abiyelunwen\new_fire_vlm\data\test\test_0249.png,test,yes,yes,small,multiple_hotspots
test_0250.png,D:\Abiyelunwen\new_fire_vlm\data\test\test_0250.png,test,yes,yes,small,multiple_hotspots
test_0251.png,D:\Abiyelunwen\new_fire_vlm\data\test\test_0251.png,test,yes,yes,small,multiple_hotspots
test_0252.png,D:\Abiyelunwen\new_fire_vlm\data\test\test_0252.png,test,yes,yes,small,multiple_hotspots
test_0253.png,D:\Abiyelunwen\new_fire_vlm\data\test\test_0253.png,test,yes,yes,small,multiple_hotspots
test_0254.png,D:\Abiyelunwen\new_fire_vlm\data\test\test_0254.png,test,yes,yes,small,multiple_hotspots
test_0255.png,D:\Abiyelunwen\new_fire_vlm\data\test\test_0255.png,test,yes,yes,small,multiple_hotspots
test_0256.png,D:\Abiyelunwen\new_fire_vlm\data\test\test_0256.png,test,yes,yes,small,multiple_hotspots
test_0257.png,D:\Abiyelunwen\new_fire_vlm\data\test\test_0257.png,test,yes,yes,small,one_hotspot
test_0258.png,D:\Abiyelunwen\new_fire_vlm\data\test\test_0258.png,test,yes,yes,small,one_hotspot
test_0259.png,D:\Abiyelunwen\new_fire_vlm\data\test\test_0259.png,test,yes,yes,small,one_hotspot
test_0260.png,D:\Abiyelunwen\new_fire_vlm\data\test\test_0260.png,test,yes,yes,small,one_hotspot
test_0261.png,D:\Abiyelunwen\new_fire_vlm\data\test\test_0261.png,test,yes,yes,small,one_hotspot
test_0262.png,D:\Abiyelunwen\new_fire_vlm\data\test\test_0262.png,test,yes,yes,small,one_hotspot
test_0263.png,D:\Abiyelunwen\new_fire_vlm\data\test\test_0263.png,test,yes,yes,small,one_hotspot
test_0264.png,D:\Abiyelunwen\new_fire_vlm\data\test\test_0264.png,test,yes,yes,small,one_hotspot
test_0265.png,D:\Abiyelunwen\new_fire_vlm\data\test\test_0265.png,test,yes,yes,small,one_hotspot
test_0266.png,D:\Abiyelunwen\new_fire_vlm\data\test\test_0266.png,test,yes,yes,small,one_hotspot
test_0267.png,D:\Abiyelunwen\new_fire_vlm\data\test\test_0267.png,test,yes,yes,small,one_hotspot
test_0268.png,D:\Abiyelunwen\new_fire_vlm\data\test\test_0268.png,test,yes,yes,small,one_hotspot
test_0269.png,D:\Abiyelunwen\new_fire_vlm\data\test\test_0269.png,test,yes,yes,small,one_hotspot
test_0270.png,D:\Abiyelunwen\new_fire_vlm\data\test\test_0270.png,test,yes,yes,small,one_hotspot
test_0271.png,D:\Abiyelunwen\new_fire_vlm\data\test\test_0271.png,test,yes,yes,small,one_hotspot
test_0272.png,D:\Abiyelunwen\new_fire_vlm\data\test\test_0272.png,test,yes,yes,small,one_hotspot
test_0273.png,D:\Abiyelunwen\new_fire_vlm\data\test\test_0273.png,test,yes,yes,small,one_hotspot
test_0274.png,D:\Abiyelunwen\new_fire_vlm\data\test\test_0274.png,test,yes,yes,small,one_hotspot
test_0275.png,D:\Abiyelunwen\new_fire_vlm\data\test\test_0275.png,test,yes,yes,small,one_hotspot
test_0276.png,D:\Abiyelunwen\new_fire_vlm\data\test\test_0276.png,test,yes,yes,small,one_hotspot
test_0277.png,D:\Abiyelunwen\new_fire_vlm\data\test\test_0277.png,test,yes,yes,small,one_hotspot
test_0278.png,D:\Abiyelunwen\new_fire_vlm\data\test\test_0278.png,test,yes,yes,small,one_hotspot
test_0279.png,D:\Abiyelunwen\new_fire_vlm\data\test\test_0279.png,test,yes,yes,small,one_hotspot
test_0280.png,D:\Abiyelunwen\new_fire_vlm\data\test\test_0280.png,test,yes,yes,small,one_hotspot
test_0281.png,D:\Abiyelunwen\new_fire_vlm\data\test\test_0281.png,test,yes,yes,large,one_hotspot
test_0282.png,D:\Abiyelunwen\new_fire_vlm\data\test\test_0282.png,test,yes,yes,large,one_hotspot
test_0283.png,D:\Abiyelunwen\new_fire_vlm\data\test\test_0283.png,test,yes,yes,large,one_hotspot
test_0284.png,D:\Abiyelunwen\new_fire_vlm\data\test\test_0284.png,test,yes,yes,large,one_hotspot
test_0285.png,D:\Abiyelunwen\new_fire_vlm\data\test\test_0285.png,test,yes,yes,small,one_hotspot
test_0286.png,D:\Abiyelunwen\new_fire_vlm\data\test\test_0286.png,test,yes,yes,small,one_hotspot
test_0287.png,D:\Abiyelunwen\new_fire_vlm\data\test\test_0287.png,test,yes,yes,small,one_hotspot
test_0288.png,D:\Abiyelunwen\new_fire_vlm\data\test\test_0288.png,test,yes,yes,small,one_hotspot
test_0289.png,D:\Abiyelunwen\new_fire_vlm\data\test\test_0289.png,test,yes,yes,small,one_hotspot
test_0290.png,D:\Abiyelunwen\new_fire_vlm\data\test\test_0290.png,test,yes,yes,large,one_hotspot
test_0291.png,D:\Abiyelunwen\new_fire_vlm\data\test\test_0291.png,test,yes,yes,small,one_hotspot
test_0292.png,D:\Abiyelunwen\new_fire_vlm\data\test\test_0292.png,test,yes,yes,small,one_hotspot
test_0293.png,D:\Abiyelunwen\new_fire_vlm\data\test\test_0293.png,test,yes,yes,small,one_hotspot
test_0294.png,D:\Abiyelunwen\new_fire_vlm\data\test\test_0294.png,test,yes,yes,small,one_hotspot
test_0295.png,D:\Abiyelunwen\new_fire_vlm\data\test\test_0295.png,test,yes,yes,large,one_hotspot
test_0296.png,D:\Abiyelunwen\new_fire_vlm\data\test\test_0296.png,test,yes,yes,large,one_hotspot
test_0297.png,D:\Abiyelunwen\new_fire_vlm\data\test\test_0297.png,test,yes,yes,large,one_hotspot
test_0298.png,D:\Abiyelunwen\new_fire_vlm\data\test\test_0298.png,test,yes,yes,large,one_hotspot
test_0299.png,D:\Abiyelunwen\new_fire_vlm\data\test\test_0299.png,test,yes,yes,large,one_hotspot
test_0300.png,D:\Abiyelunwen\new_fire_vlm\data\test\test_0300.png,test,yes,yes,large,one_hotspot
